source,target,weight,distance,electrode
e0_t25,e0_t26,0.1333,1,FP1
e0_t177,e0_t178,0.0667,1,FP1
e0_t177,e0_t235,0.0667,58,FP1
e0_t178,e0_t179,0.0667,1,FP1
e0_t179,e0_t180,0.0667,1,FP1
e0_t180,e0_t181,0.0667,1,FP1
e0_t187,e0_t188,0.0667,1,FP1
e0_t188,e0_t189,0.1333,1,FP1
e0_t201,e0_t202,0.1333,1,FP1
e0_t201,e0_t206,0.0667,5,FP1
e0_t24,e0_t25,0.0667,1,FP1
e0_t25,e0_t35,0.0667,10,FP1
e0_t92,e0_t93,0.0667,1,FP1
e0_t88,e0_t89,0.1333,1,FP1
e0_t180,e0_t189,0.0667,9,FP1
e0_t189,e0_t190,0.0667,1,FP1
e0_t155,e0_t156,0.0667,1,FP1
e0_t190,e0_t191,0.0667,1,FP1
e0_t191,e0_t192,0.0667,1,FP1
e0_t210,e0_t211,0.0667,1,FP1
e0_t211,e0_t212,0.0667,1,FP1
e0_t211,e0_t221,0.0667,10,FP1
e0_t220,e0_t221,0.0667,1,FP1
e0_t221,e0_t222,0.0667,1,FP1
e0_t222,e0_t223,0.0667,1,FP1
e0_t233,e0_t234,0.0667,1,FP1
e0_t28,e0_t29,0.0667,1,FP1
e0_t29,e0_t30,0.0667,1,FP1
e0_t41,e0_t42,0.0667,1,FP1
e0_t64,e0_t65,0.0667,1,FP1
e0_t85,e0_t86,0.0667,1,FP1
e0_t86,e0_t87,0.0667,1,FP1
e0_t87,e0_t88,0.0667,1,FP1
e0_t88,e0_t93,0.0667,5,FP1
e0_t105,e0_t106,0.0667,1,FP1
e1_t69,e1_t97,0.0667,28,FP2
e1_t95,e1_t96,0.1333,1,FP2
e1_t96,e1_t97,0.1333,1,FP2
e1_t116,e1_t117,0.0667,1,FP2
e1_t117,e1_t118,0.0667,1,FP2
e1_t119,e1_t120,0.0667,1,FP2
e1_t119,e1_t145,0.0667,26,FP2
e1_t120,e1_t121,0.0667,1,FP2
e1_t210,e1_t244,0.0667,34,FP2
e1_t214,e1_t215,0.0667,1,FP2
e1_t215,e1_t216,0.0667,1,FP2
e1_t216,e1_t217,0.0667,1,FP2
e1_t221,e1_t222,0.0667,1,FP2
e1_t222,e1_t223,0.0667,1,FP2
e1_t223,e1_t224,0.1333,1,FP2
e1_t228,e1_t243,0.0667,15,FP2
e1_t232,e1_t242,0.0667,10,FP2
e1_t237,e1_t241,0.0667,4,FP2
e1_t240,e1_t241,0.0667,1,FP2
e1_t241,e1_t242,0.0667,1,FP2
e1_t242,e1_t243,0.0667,1,FP2
e1_t243,e1_t244,0.0667,1,FP2
e1_t17,e1_t18,0.0667,1,FP2
e1_t18,e1_t19,0.0667,1,FP2
e1_t19,e1_t20,0.0667,1,FP2
e1_t19,e1_t30,0.0667,11,FP2
e1_t86,e1_t96,0.0667,10,FP2
e1_t87,e1_t96,0.0667,9,FP2
e1_t88,e1_t96,0.0667,8,FP2
e1_t89,e1_t96,0.0667,7,FP2
e1_t92,e1_t95,0.0667,3,FP2
e1_t94,e1_t95,0.0667,1,FP2
e1_t98,e1_t99,0.0667,1,FP2
e1_t99,e1_t100,0.0667,1,FP2
e1_t107,e1_t108,0.0667,1,FP2
e1_t108,e1_t109,0.0667,1,FP2
e1_t150,e1_t151,0.0667,1,FP2
e1_t150,e1_t162,0.0667,12,FP2
e1_t151,e1_t152,0.0667,1,FP2
e1_t152,e1_t153,0.0667,1,FP2
e1_t152,e1_t159,0.0667,7,FP2
e1_t153,e1_t154,0.0667,1,FP2
e1_t159,e1_t160,0.0667,1,FP2
e1_t160,e1_t161,0.0667,1,FP2
e1_t20,e1_t29,0.0667,9,FP2
e1_t22,e1_t28,0.0667,6,FP2
e1_t27,e1_t28,0.0667,1,FP2
e1_t28,e1_t29,0.0667,1,FP2
e1_t35,e1_t45,0.0667,10,FP2
e1_t44,e1_t45,0.0667,1,FP2
e1_t45,e1_t46,0.0667,1,FP2
e1_t46,e1_t47,0.0667,1,FP2
e1_t113,e1_t114,0.0667,1,FP2
e1_t114,e1_t115,0.0667,1,FP2
e1_t115,e1_t116,0.0667,1,FP2
e1_t142,e1_t157,0.0667,15,FP2
e1_t155,e1_t156,0.0667,1,FP2
e1_t156,e1_t157,0.0667,1,FP2
e1_t157,e1_t158,0.0667,1,FP2
e1_t167,e1_t168,0.0667,1,FP2
e1_t168,e1_t169,0.0667,1,FP2
e1_t168,e1_t180,0.0667,12,FP2
e1_t169,e1_t170,0.0667,1,FP2
e1_t169,e1_t179,0.0667,10,FP2
e1_t179,e1_t180,0.0667,1,FP2
e1_t180,e1_t181,0.0667,1,FP2
e1_t181,e1_t182,0.0667,1,FP2
e1_t210,e1_t211,0.0667,1,FP2
e1_t210,e1_t250,0.0667,40,FP2
e1_t211,e1_t212,0.0667,1,FP2
e1_t24,e1_t25,0.0667,1,FP2
e1_t224,e1_t225,0.0667,1,FP2
e1_t225,e1_t226,0.0667,1,FP2
e1_t0,e1_t1,0.0667,1,FP2
e1_t1,e1_t2,0.0667,1,FP2
e1_t78,e1_t79,0.0667,1,FP2
e1_t79,e1_t80,0.0667,1,FP2
e1_t79,e1_t94,0.0667,15,FP2
e2_t45,e2_t46,0.1333,1,F7
e2_t45,e2_t59,0.0667,14,F7
e2_t81,e2_t82,0.0667,1,F7
e2_t82,e2_t83,0.0667,1,F7
e2_t82,e2_t113,0.0667,31,F7
e2_t83,e2_t84,0.0667,1,F7
e2_t83,e2_t99,0.0667,16,F7
e2_t83,e2_t105,0.0667,22,F7
e2_t130,e2_t152,0.0667,22,F7
e2_t150,e2_t151,0.0667,1,F7
e2_t151,e2_t152,0.0667,1,F7
e2_t152,e2_t153,0.0667,1,F7
e2_t153,e2_t154,0.1333,1,F7
e2_t253,e2_t254,0.2,1,F7
e2_t46,e2_t47,0.1333,1,F7
e2_t47,e2_t48,0.0667,1,F7
e2_t104,e2_t105,0.0667,1,F7
e2_t105,e2_t106,0.1333,1,F7
e2_t106,e2_t107,0.1333,1,F7
e2_t163,e2_t243,0.0667,80,F7
e2_t240,e2_t241,0.0667,1,F7
e2_t241,e2_t242,0.0667,1,F7
e2_t242,e2_t243,0.0667,1,F7
e2_t250,e2_t251,0.2,1,F7
e2_t251,e2_t252,0.1333,1,F7
e2_t252,e2_t253,0.1333,1,F7
e2_t5,e2_t6,0.1333,1,F7
e2_t6,e2_t7,0.2,1,F7
e2_t7,e2_t8,0.2,1,F7
e2_t8,e2_t9,0.1333,1,F7
e2_t9,e2_t10,0.0667,1,F7
e2_t13,e2_t26,0.0667,13,F7
e2_t15,e2_t16,0.0667,1,F7
e2_t15,e2_t25,0.0667,10,F7
e2_t16,e2_t17,0.0667,1,F7
e2_t17,e2_t18,0.0667,1,F7
e2_t17,e2_t24,0.0667,7,F7
e2_t22,e2_t23,0.0667,1,F7
e2_t23,e2_t24,0.0667,1,F7
e2_t24,e2_t25,0.0667,1,F7
e2_t25,e2_t26,0.0667,1,F7
e2_t26,e2_t27,0.0667,1,F7
e2_t55,e2_t56,0.0667,1,F7
e2_t55,e2_t66,0.0667,11,F7
e2_t56,e2_t57,0.0667,1,F7
e2_t85,e2_t86,0.0667,1,F7
e2_t94,e2_t95,0.0667,1,F7
e2_t95,e2_t96,0.1333,1,F7
e2_t157,e2_t158,0.1333,1,F7
e2_t178,e2_t179,0.0667,1,F7
e2_t178,e2_t185,0.0667,7,F7
e2_t211,e2_t226,0.0667,15,F7
e2_t214,e2_t225,0.0667,11,F7
e2_t224,e2_t225,0.0667,1,F7
e2_t225,e2_t226,0.0667,1,F7
e2_t77,e2_t107,0.0667,30,F7
e2_t107,e2_t108,0.0667,1,F7
e2_t157,e2_t192,0.0667,35,F7
e2_t158,e2_t159,0.0667,1,F7
e2_t158,e2_t176,0.0667,18,F7
e2_t197,e2_t198,0.1333,1,F7
e2_t213,e2_t214,0.0667,1,F7
e2_t213,e2_t220,0.0667,7,F7
e2_t213,e2_t223,0.0667,10,F7
e2_t214,e2_t215,0.0667,1,F7
e2_t12,e2_t13,0.1333,1,F7
e2_t13,e2_t14,0.0667,1,F7
e2_t42,e2_t43,0.0667,1,F7
e2_t43,e2_t44,0.0667,1,F7
e2_t148,e2_t149,0.0667,1,F7
e2_t149,e2_t150,0.0667,1,F7
e2_t200,e2_t201,0.1333,1,F7
e2_t201,e2_t202,0.2,1,F7
e2_t202,e2_t203,0.1333,1,F7
e2_t210,e2_t211,0.0667,1,F7
e2_t189,e2_t190,0.0667,1,F7
e2_t189,e2_t238,0.0667,49,F7
e2_t190,e2_t191,0.0667,1,F7
e2_t219,e2_t236,0.0667,17,F7
e2_t235,e2_t236,0.0667,1,F7
e2_t29,e2_t30,0.0667,1,F7
e2_t34,e2_t39,0.0667,5,F7
e2_t38,e2_t39,0.0667,1,F7
e2_t67,e2_t68,0.0667,1,F7
e2_t77,e2_t78,0.0667,1,F7
e2_t91,e2_t92,0.0667,1,F7
e2_t92,e2_t93,0.0667,1,F7
e2_t101,e2_t102,0.1333,1,F7
e2_t102,e2_t103,0.1333,1,F7
e2_t127,e2_t202,0.0667,75,F7
e2_t133,e2_t134,0.0667,1,F7
e2_t163,e2_t201,0.0667,38,F7
e2_t164,e2_t201,0.0667,37,F7
e2_t165,e2_t201,0.0667,36,F7
e2_t187,e2_t199,0.0667,12,F7
e2_t188,e2_t199,0.0667,11,F7
e2_t190,e2_t198,0.0667,8,F7
e2_t196,e2_t197,0.0667,1,F7
e2_t198,e2_t199,0.0667,1,F7
e2_t199,e2_t200,0.0667,1,F7
e2_t237,e2_t238,0.0667,1,F7
e2_t249,e2_t250,0.1333,1,F7
e2_t172,e2_t187,0.0667,15,F7
e2_t179,e2_t186,0.0667,7,F7
e2_t180,e2_t186,0.0667,6,F7
e2_t185,e2_t186,0.0667,1,F7
e2_t186,e2_t187,0.0667,1,F7
e2_t245,e2_t246,0.0667,1,F7
e2_t39,e2_t40,0.0667,1,F7
e2_t39,e2_t72,0.0667,33,F7
e2_t97,e2_t98,0.0667,1,F7
e2_t97,e2_t123,0.0667,26,F7
e2_t98,e2_t99,0.0667,1,F7
e2_t98,e2_t112,0.0667,14,F7
e2_t98,e2_t113,0.0667,15,F7
e2_t99,e2_t100,0.0667,1,F7
e2_t248,e2_t249,0.0667,1,F7
e2_t254,e2_t255,0.0667,1,F7
e2_t3,e2_t4,0.0667,1,F7
e2_t4,e2_t5,0.0667,1,F7
e2_t74,e2_t96,0.0667,22,F7
e2_t89,e2_t90,0.1333,1,F7
e2_t205,e2_t206,0.0667,1,F7
e2_t220,e2_t221,0.0667,1,F7
e2_t221,e2_t222,0.0667,1,F7
e2_t222,e2_t223,0.0667,1,F7
e2_t222,e2_t233,0.0667,11,F7
e2_t222,e2_t234,0.0667,12,F7
e2_t223,e2_t224,0.0667,1,F7
e2_t223,e2_t228,0.0667,5,F7
e2_t21,e2_t22,0.0667,1,F7
e2_t55,e2_t89,0.0667,34,F7
e2_t79,e2_t89,0.0667,10,F7
e2_t80,e2_t89,0.0667,9,F7
e2_t87,e2_t88,0.0667,1,F7
e2_t88,e2_t89,0.0667,1,F7
e2_t118,e2_t119,0.0667,1,F7
e2_t119,e2_t120,0.0667,1,F7
e2_t119,e2_t201,0.0667,82,F7
e2_t120,e2_t121,0.0667,1,F7
e2_t120,e2_t140,0.0667,20,F7
e2_t120,e2_t141,0.0667,21,F7
e2_t186,e2_t194,0.0667,8,F7
e2_t192,e2_t193,0.0667,1,F7
e2_t193,e2_t194,0.0667,1,F7
e2_t140,e2_t141,0.0667,1,F7
e2_t141,e2_t142,0.0667,1,F7
e2_t233,e2_t234,0.0667,1,F7
e2_t234,e2_t235,0.0667,1,F7
e3_t11,e3_t12,0.0667,1,F3
e3_t11,e3_t24,0.0667,13,F3
e3_t12,e3_t13,0.0667,1,F3
e3_t12,e3_t20,0.0667,8,F3
e3_t22,e3_t23,0.0667,1,F3
e3_t23,e3_t24,0.1333,1,F3
e3_t24,e3_t25,0.2,1,F3
e3_t25,e3_t26,0.2,1,F3
e3_t56,e3_t57,0.4,1,F3
e3_t59,e3_t60,0.2667,1,F3
e3_t88,e3_t89,0.1333,1,F3
e3_t94,e3_t122,0.0667,28,F3
e3_t106,e3_t121,0.0667,15,F3
e3_t107,e3_t121,0.0667,14,F3
e3_t119,e3_t120,0.2,1,F3
e3_t120,e3_t121,0.2667,1,F3
e3_t121,e3_t122,0.1333,1,F3
e3_t126,e3_t127,0.1333,1,F3
e3_t139,e3_t140,0.2667,1,F3
e3_t140,e3_t141,0.2667,1,F3
e3_t140,e3_t154,0.0667,14,F3
e3_t180,e3_t185,0.0667,5,F3
e3_t184,e3_t185,0.1333,1,F3
e3_t187,e3_t188,0.2667,1,F3
e3_t203,e3_t204,0.1333,1,F3
e3_t234,e3_t235,0.1333,1,F3
e3_t235,e3_t236,0.2667,1,F3
e3_t235,e3_t255,0.0667,20,F3
e3_t236,e3_t237,0.2667,1,F3
e3_t237,e3_t255,0.0667,18,F3
e3_t254,e3_t255,0.1333,1,F3
e3_t75,e3_t76,0.2,1,F3
e3_t76,e3_t77,0.1333,1,F3
e3_t76,e3_t79,0.0667,3,F3
e3_t76,e3_t121,0.0667,45,F3
e3_t83,e3_t120,0.0667,37,F3
e3_t106,e3_t107,0.1333,1,F3
e3_t107,e3_t108,0.2,1,F3
e3_t107,e3_t113,0.0667,6,F3
e3_t114,e3_t115,0.2,1,F3
e3_t115,e3_t116,0.1333,1,F3
e3_t116,e3_t117,0.0667,1,F3
e3_t118,e3_t119,0.0667,1,F3
e3_t144,e3_t145,0.0667,1,F3
e3_t144,e3_t159,0.0667,15,F3
e3_t145,e3_t146,0.0667,1,F3
e3_t161,e3_t169,0.0667,8,F3
e3_t162,e3_t169,0.0667,7,F3
e3_t163,e3_t169,0.0667,6,F3
e3_t167,e3_t168,0.1333,1,F3
e3_t168,e3_t169,0.2667,1,F3
e3_t187,e3_t196,0.0667,9,F3
e3_t188,e3_t189,0.2667,1,F3
e3_t188,e3_t191,0.0667,3,F3
e3_t240,e3_t241,0.0667,1,F3
e3_t241,e3_t242,0.0667,1,F3
e3_t241,e3_t250,0.0667,9,F3
e3_t242,e3_t243,0.0667,1,F3
e3_t242,e3_t249,0.0667,7,F3
e3_t247,e3_t248,0.1333,1,F3
e3_t248,e3_t249,0.2,1,F3
e3_t249,e3_t250,0.2,1,F3
e3_t40,e3_t41,0.3333,1,F3
e3_t57,e3_t58,0.1333,1,F3
e3_t60,e3_t61,0.2,1,F3
e3_t60,e3_t74,0.0667,14,F3
e3_t60,e3_t75,0.0667,15,F3
e3_t84,e3_t85,0.0667,1,F3
e3_t84,e3_t90,0.0667,6,F3
e3_t111,e3_t121,0.0667,10,F3
e3_t112,e3_t121,0.0667,9,F3
e3_t245,e3_t246,0.1333,1,F3
e3_t246,e3_t249,0.0667,3,F3
e3_t39,e3_t40,0.1333,1,F3
e3_t76,e3_t185,0.0667,109,F3
e3_t91,e3_t92,0.4667,1,F3
e3_t92,e3_t93,0.2667,1,F3
e3_t92,e3_t117,0.0667,25,F3
e3_t183,e3_t184,0.0667,1,F3
e3_t235,e3_t244,0.0667,9,F3
e3_t251,e3_t252,0.1333,1,F3
e3_t252,e3_t253,0.0667,1,F3
e3_t8,e3_t9,0.1333,1,F3
e3_t9,e3_t10,0.0667,1,F3
e3_t55,e3_t73,0.0667,18,F3
e3_t58,e3_t73,0.0667,15,F3
e3_t72,e3_t73,0.1333,1,F3
e3_t123,e3_t124,0.2,1,F3
e3_t140,e3_t153,0.0667,13,F3
e3_t141,e3_t152,0.0667,11,F3
e3_t151,e3_t152,0.1333,1,F3
e3_t152,e3_t153,0.2,1,F3
e3_t153,e3_t154,0.1333,1,F3
e3_t37,e3_t58,0.0667,21,F3
e3_t40,e3_t58,0.0667,18,F3
e3_t41,e3_t58,0.0667,17,F3
e3_t42,e3_t43,0.0667,1,F3
e3_t42,e3_t56,0.0667,14,F3
e3_t43,e3_t44,0.1333,1,F3
e3_t43,e3_t55,0.0667,12,F3
e3_t55,e3_t56,0.0667,1,F3
e3_t64,e3_t128,0.0667,64,F3
e3_t65,e3_t128,0.0667,63,F3
e3_t71,e3_t127,0.0667,56,F3
e3_t73,e3_t127,0.0667,54,F3
e3_t74,e3_t127,0.0667,53,F3
e3_t90,e3_t127,0.0667,37,F3
e3_t125,e3_t126,0.1333,1,F3
e3_t127,e3_t128,0.0667,1,F3
e3_t138,e3_t139,0.1333,1,F3
e3_t139,e3_t151,0.0667,12,F3
e3_t140,e3_t148,0.0667,8,F3
e3_t140,e3_t149,0.0667,9,F3
e3_t150,e3_t151,0.0667,1,F3
e3_t223,e3_t250,0.0667,27,F3
e3_t229,e3_t250,0.0667,21,F3
e3_t234,e3_t249,0.0667,15,F3
e3_t235,e3_t247,0.0667,12,F3
e3_t236,e3_t245,0.0667,9,F3
e3_t5,e3_t6,0.0667,1,F3
e3_t6,e3_t7,0.0667,1,F3
e3_t43,e3_t133,0.0667,90,F3
e3_t44,e3_t45,0.0667,1,F3
e3_t44,e3_t93,0.0667,49,F3
e3_t44,e3_t94,0.0667,50,F3
e3_t45,e3_t46,0.0667,1,F3
e3_t45,e3_t57,0.0667,12,F3
e3_t105,e3_t132,0.0667,27,F3
e3_t129,e3_t130,0.0667,1,F3
e3_t130,e3_t131,0.0667,1,F3
e3_t131,e3_t132,0.0667,1,F3
e3_t132,e3_t133,0.0667,1,F3
e3_t136,e3_t137,0.2,1,F3
e3_t155,e3_t156,0.3333,1,F3
e3_t156,e3_t157,0.2,1,F3
e3_t156,e3_t169,0.0667,13,F3
e3_t157,e3_t158,0.0667,1,F3
e3_t158,e3_t159,0.0667,1,F3
e3_t158,e3_t169,0.0667,11,F3
e3_t159,e3_t160,0.0667,1,F3
e3_t159,e3_t166,0.0667,7,F3
e3_t159,e3_t168,0.0667,9,F3
e3_t160,e3_t161,0.0667,1,F3
e3_t166,e3_t167,0.0667,1,F3
e3_t169,e3_t170,0.0667,1,F3
e3_t194,e3_t222,0.0667,28,F3
e3_t195,e3_t196,0.0667,1,F3
e3_t196,e3_t197,0.0667,1,F3
e3_t196,e3_t215,0.0667,19,F3
e3_t197,e3_t198,0.0667,1,F3
e3_t197,e3_t210,0.0667,13,F3
e3_t198,e3_t199,0.0667,1,F3
e3_t209,e3_t210,0.0667,1,F3
e3_t221,e3_t222,0.0667,1,F3
e3_t222,e3_t223,0.1333,1,F3
e3_t17,e3_t18,0.0667,1,F3
e3_t18,e3_t19,0.0667,1,F3
e3_t104,e3_t105,0.2,1,F3
e3_t124,e3_t125,0.2667,1,F3
e3_t171,e3_t172,0.1333,1,F3
e3_t60,e3_t113,0.0667,53,F3
e3_t60,e3_t114,0.0667,54,F3
e3_t60,e3_t116,0.0667,56,F3
e3_t60,e3_t117,0.0667,57,F3
e3_t105,e3_t106,0.1333,1,F3
e3_t110,e3_t111,0.0667,1,F3
e3_t111,e3_t112,0.0667,1,F3
e3_t21,e3_t22,0.0667,1,F3
e3_t27,e3_t28,0.0667,1,F3
e3_t41,e3_t42,0.0667,1,F3
e3_t65,e3_t66,0.0667,1,F3
e3_t66,e3_t67,0.0667,1,F3
e3_t66,e3_t148,0.0667,82,F3
e3_t67,e3_t68,0.0667,1,F3
e3_t67,e3_t89,0.0667,22,F3
e3_t68,e3_t69,0.0667,1,F3
e3_t108,e3_t109,0.0667,1,F3
e3_t235,e3_t250,0.0667,15,F3
e3_t7,e3_t8,0.0667,1,F3
e3_t54,e3_t55,0.0667,1,F3
e3_t58,e3_t59,0.0667,1,F3
e3_t227,e3_t233,0.0667,6,F3
e3_t232,e3_t233,0.0667,1,F3
e3_t244,e3_t245,0.0667,1,F3
e3_t244,e3_t255,0.0667,11,F3
e3_t0,e3_t1,0.0667,1,F3
e3_t7,e3_t26,0.0667,19,F3
e3_t10,e3_t25,0.0667,15,F3
e3_t90,e3_t91,0.0667,1,F3
e3_t134,e3_t135,0.0667,1,F3
e3_t135,e3_t136,0.1333,1,F3
e3_t149,e3_t150,0.0667,1,F3
e3_t172,e3_t173,0.0667,1,F3
e3_t172,e3_t212,0.0667,40,F3
e3_t172,e3_t230,0.0667,58,F3
e3_t214,e3_t215,0.0667,1,F3
e3_t218,e3_t219,0.0667,1,F3
e3_t219,e3_t220,0.0667,1,F3
e3_t223,e3_t224,0.0667,1,F3
e3_t75,e3_t79,0.0667,4,F3
e3_t78,e3_t79,0.0667,1,F3
e3_t79,e3_t80,0.0667,1,F3
e3_t95,e3_t96,0.0667,1,F3
e3_t96,e3_t97,0.0667,1,F3
e3_t97,e3_t98,0.0667,1,F3
e3_t103,e3_t104,0.0667,1,F3
e3_t161,e3_t162,0.0667,1,F3
e3_t91,e3_t95,0.0667,4,F3
e3_t155,e3_t159,0.0667,4,F3
e3_t62,e3_t201,0.0667,139,F3
e3_t71,e3_t72,0.0667,1,F3
e3_t92,e3_t98,0.0667,6,F3
e3_t138,e3_t195,0.0667,57,F3
e3_t139,e3_t154,0.0667,15,F3
e3_t139,e3_t179,0.0667,40,F3
e3_t139,e3_t185,0.0667,46,F3
e3_t199,e3_t200,0.0667,1,F3
e3_t200,e3_t201,0.0667,1,F3
e4_t171,e4_t172,0.0667,1,FZ
e4_t172,e4_t173,0.1333,1,FZ
e4_t181,e4_t182,0.2,1,FZ
e4_t182,e4_t183,0.0667,1,FZ
e4_t183,e4_t184,0.0667,1,FZ
e4_t200,e4_t201,0.1333,1,FZ
e4_t201,e4_t202,0.1333,1,FZ
e4_t202,e4_t203,0.1333,1,FZ
e4_t221,e4_t222,0.1333,1,FZ
e4_t221,e4_t236,0.0667,15,FZ
e4_t222,e4_t223,0.2,1,FZ
e4_t222,e4_t235,0.0667,13,FZ
e4_t223,e4_t224,0.2,1,FZ
e4_t223,e4_t233,0.0667,10,FZ
e4_t224,e4_t225,0.2,1,FZ
e4_t231,e4_t232,0.0667,1,FZ
e4_t232,e4_t233,0.0667,1,FZ
e4_t233,e4_t234,0.1333,1,FZ
e4_t234,e4_t235,0.1333,1,FZ
e4_t235,e4_t236,0.1333,1,FZ
e4_t236,e4_t237,0.1333,1,FZ
e4_t237,e4_t238,0.1333,1,FZ
e4_t7,e4_t8,0.0667,1,FZ
e4_t7,e4_t62,0.0667,55,FZ
e4_t8,e4_t9,0.1333,1,FZ
e4_t9,e4_t10,0.0667,1,FZ
e4_t137,e4_t138,0.0667,1,FZ
e4_t138,e4_t139,0.0667,1,FZ
e4_t252,e4_t253,0.0667,1,FZ
e4_t253,e4_t254,0.0667,1,FZ
e4_t25,e4_t26,0.0667,1,FZ
e4_t25,e4_t41,0.0667,16,FZ
e4_t26,e4_t27,0.0667,1,FZ
e4_t26,e4_t39,0.0667,13,FZ
e4_t27,e4_t28,0.0667,1,FZ
e4_t27,e4_t37,0.0667,10,FZ
e4_t46,e4_t47,0.0667,1,FZ
e4_t47,e4_t48,0.0667,1,FZ
e4_t48,e4_t49,0.0667,1,FZ
e4_t49,e4_t50,0.0667,1,FZ
e4_t49,e4_t57,0.0667,8,FZ
e4_t50,e4_t51,0.0667,1,FZ
e4_t58,e4_t59,0.0667,1,FZ
e4_t59,e4_t60,0.0667,1,FZ
e4_t60,e4_t61,0.0667,1,FZ
e4_t68,e4_t69,0.0667,1,FZ
e4_t69,e4_t70,0.0667,1,FZ
e4_t70,e4_t71,0.0667,1,FZ
e4_t71,e4_t72,0.0667,1,FZ
e4_t71,e4_t79,0.0667,8,FZ
e4_t72,e4_t73,0.0667,1,FZ
e4_t72,e4_t78,0.0667,6,FZ
e4_t76,e4_t77,0.0667,1,FZ
e4_t77,e4_t78,0.0667,1,FZ
e4_t78,e4_t79,0.0667,1,FZ
e4_t79,e4_t80,0.0667,1,FZ
e4_t80,e4_t81,0.0667,1,FZ
e4_t87,e4_t88,0.2,1,FZ
e4_t88,e4_t89,0.2,1,FZ
e4_t89,e4_t90,0.0667,1,FZ
e4_t90,e4_t91,0.0667,1,FZ
e4_t98,e4_t99,0.0667,1,FZ
e4_t99,e4_t100,0.0667,1,FZ
e4_t100,e4_t101,0.1333,1,FZ
e4_t101,e4_t102,0.0667,1,FZ
e4_t102,e4_t103,0.0667,1,FZ
e4_t110,e4_t111,0.0667,1,FZ
e4_t111,e4_t112,0.0667,1,FZ
e4_t112,e4_t113,0.0667,1,FZ
e4_t112,e4_t126,0.0667,14,FZ
e4_t131,e4_t132,0.0667,1,FZ
e4_t132,e4_t133,0.0667,1,FZ
e4_t141,e4_t142,0.0667,1,FZ
e4_t177,e4_t178,0.1333,1,FZ
e4_t178,e4_t179,0.1333,1,FZ
e4_t179,e4_t180,0.1333,1,FZ
e4_t179,e4_t191,0.0667,12,FZ
e4_t179,e4_t193,0.0667,14,FZ
e4_t180,e4_t181,0.1333,1,FZ
e4_t181,e4_t190,0.0667,9,FZ
e4_t188,e4_t189,0.0667,1,FZ
e4_t189,e4_t190,0.1333,1,FZ
e4_t190,e4_t191,0.1333,1,FZ
e4_t191,e4_t192,0.1333,1,FZ
e4_t192,e4_t193,0.1333,1,FZ
e4_t193,e4_t194,0.1333,1,FZ
e4_t194,e4_t195,0.0667,1,FZ
e4_t201,e4_t214,0.0667,13,FZ
e4_t203,e4_t204,0.0667,1,FZ
e4_t224,e4_t235,0.0667,11,FZ
e4_t31,e4_t32,0.1333,1,FZ
e4_t32,e4_t33,0.0667,1,FZ
e4_t33,e4_t34,0.0667,1,FZ
e4_t43,e4_t44,0.0667,1,FZ
e4_t44,e4_t45,0.0667,1,FZ
e4_t45,e4_t46,0.0667,1,FZ
e4_t54,e4_t55,0.1333,1,FZ
e4_t55,e4_t56,0.0667,1,FZ
e4_t56,e4_t57,0.0667,1,FZ
e4_t57,e4_t58,0.0667,1,FZ
e4_t78,e4_t87,0.0667,9,FZ
e4_t85,e4_t86,0.1333,1,FZ
e4_t86,e4_t87,0.1333,1,FZ
e4_t143,e4_t144,0.0667,1,FZ
e4_t144,e4_t145,0.0667,1,FZ
e4_t144,e4_t155,0.0667,11,FZ
e4_t145,e4_t146,0.0667,1,FZ
e4_t167,e4_t168,0.0667,1,FZ
e4_t168,e4_t169,0.0667,1,FZ
e4_t168,e4_t178,0.0667,10,FZ
e4_t169,e4_t170,0.0667,1,FZ
e4_t190,e4_t204,0.0667,14,FZ
e4_t192,e4_t201,0.0667,9,FZ
e4_t193,e4_t199,0.0667,6,FZ
e4_t210,e4_t211,0.0667,1,FZ
e4_t211,e4_t212,0.0667,1,FZ
e4_t211,e4_t225,0.0667,14,FZ
e4_t212,e4_t213,0.0667,1,FZ
e4_t213,e4_t214,0.0667,1,FZ
e4_t214,e4_t215,0.0667,1,FZ
e4_t214,e4_t221,0.0667,7,FZ
e4_t214,e4_t223,0.0667,9,FZ
e4_t215,e4_t216,0.0667,1,FZ
e4_t215,e4_t220,0.0667,5,FZ
e4_t216,e4_t217,0.0667,1,FZ
e4_t216,e4_t219,0.0667,3,FZ
e4_t219,e4_t220,0.0667,1,FZ
e4_t220,e4_t221,0.0667,1,FZ
e4_t225,e4_t226,0.0667,1,FZ
e4_t234,e4_t252,0.0667,18,FZ
e4_t234,e4_t253,0.0667,19,FZ
e4_t236,e4_t246,0.0667,10,FZ
e4_t0,e4_t1,0.0667,1,FZ
e4_t1,e4_t2,0.0667,1,FZ
e4_t1,e4_t12,0.0667,11,FZ
e4_t2,e4_t11,0.0667,9,FZ
e4_t10,e4_t11,0.0667,1,FZ
e4_t11,e4_t12,0.0667,1,FZ
e4_t12,e4_t13,0.0667,1,FZ
e4_t13,e4_t14,0.0667,1,FZ
e4_t20,e4_t21,0.0667,1,FZ
e4_t20,e4_t34,0.0667,14,FZ
e4_t21,e4_t22,0.0667,1,FZ
e4_t22,e4_t23,0.0667,1,FZ
e4_t22,e4_t31,0.0667,9,FZ
e4_t23,e4_t24,0.0667,1,FZ
e4_t30,e4_t31,0.0667,1,FZ
e4_t40,e4_t41,0.0667,1,FZ
e4_t41,e4_t42,0.0667,1,FZ
e4_t42,e4_t43,0.0667,1,FZ
e4_t42,e4_t50,0.0667,8,FZ
e4_t51,e4_t52,0.0667,1,FZ
e4_t52,e4_t53,0.0667,1,FZ
e4_t53,e4_t54,0.0667,1,FZ
e4_t63,e4_t64,0.0667,1,FZ
e4_t64,e4_t65,0.0667,1,FZ
e4_t64,e4_t74,0.0667,10,FZ
e4_t65,e4_t66,0.0667,1,FZ
e4_t83,e4_t84,0.0667,1,FZ
e4_t84,e4_t85,0.0667,1,FZ
e4_t84,e4_t97,0.0667,13,FZ
e4_t92,e4_t93,0.0667,1,FZ
e4_t93,e4_t94,0.0667,1,FZ
e4_t94,e4_t95,0.0667,1,FZ
e4_t95,e4_t96,0.0667,1,FZ
e4_t127,e4_t128,0.0667,1,FZ
e4_t128,e4_t129,0.0667,1,FZ
e5_t92,e5_t93,0.2667,1,F4
e5_t236,e5_t237,0.1333,1,F4
e5_t76,e5_t77,0.1333,1,F4
e5_t136,e5_t137,0.1333,1,F4
e5_t169,e5_t170,0.2,1,F4
e5_t215,e5_t216,0.2,1,F4
e5_t216,e5_t217,0.2,1,F4
e5_t216,e5_t222,0.0667,6,F4
e5_t217,e5_t218,0.2667,1,F4
e5_t217,e5_t221,0.0667,4,F4
e5_t220,e5_t221,0.1333,1,F4
e5_t221,e5_t222,0.0667,1,F4
e5_t222,e5_t223,0.0667,1,F4
e5_t223,e5_t224,0.0667,1,F4
e5_t224,e5_t225,0.1333,1,F4
e5_t233,e5_t234,0.2,1,F4
e5_t11,e5_t12,0.1333,1,F4
e5_t12,e5_t13,0.1333,1,F4
e5_t13,e5_t14,0.0667,1,F4
e5_t41,e5_t42,0.1333,1,F4
e5_t87,e5_t88,0.1333,1,F4
e5_t88,e5_t89,0.0667,1,F4
e5_t88,e5_t94,0.0667,6,F4
e5_t88,e5_t104,0.0667,16,F4
e5_t89,e5_t90,0.0667,1,F4
e5_t89,e5_t92,0.0667,3,F4
e5_t153,e5_t157,0.0667,4,F4
e5_t156,e5_t157,0.2,1,F4
e5_t44,e5_t45,0.2,1,F4
e5_t73,e5_t74,0.1333,1,F4
e5_t131,e5_t132,0.0667,1,F4
e5_t132,e5_t133,0.0667,1,F4
e5_t132,e5_t141,0.0667,9,F4
e5_t133,e5_t134,0.1333,1,F4
e5_t133,e5_t139,0.0667,6,F4
e5_t138,e5_t139,0.0667,1,F4
e5_t139,e5_t140,0.0667,1,F4
e5_t140,e5_t141,0.0667,1,F4
e5_t141,e5_t142,0.0667,1,F4
e5_t149,e5_t162,0.0667,13,F4
e5_t150,e5_t151,0.0667,1,F4
e5_t151,e5_t152,0.0667,1,F4
e5_t151,e5_t159,0.0667,8,F4
e5_t152,e5_t153,0.0667,1,F4
e5_t152,e5_t158,0.0667,6,F4
e5_t153,e5_t154,0.1333,1,F4
e5_t157,e5_t158,0.1333,1,F4
e5_t158,e5_t159,0.1333,1,F4
e5_t159,e5_t160,0.0667,1,F4
e5_t160,e5_t161,0.0667,1,F4
e5_t161,e5_t162,0.0667,1,F4
e5_t169,e5_t205,0.0667,36,F4
e5_t170,e5_t171,0.0667,1,F4
e5_t175,e5_t176,0.0667,1,F4
e5_t180,e5_t181,0.0667,1,F4
e5_t181,e5_t182,0.0667,1,F4
e5_t204,e5_t205,0.2,1,F4
e5_t216,e5_t228,0.0667,12,F4
e5_t216,e5_t229,0.0667,13,F4
e5_t216,e5_t230,0.0667,14,F4
e5_t216,e5_t231,0.0667,15,F4
e5_t217,e5_t223,0.0667,6,F4
e5_t217,e5_t224,0.0667,7,F4
e5_t217,e5_t225,0.0667,8,F4
e5_t218,e5_t219,0.1333,1,F4
e5_t27,e5_t28,0.0667,1,F4
e5_t28,e5_t29,0.0667,1,F4
e5_t71,e5_t72,0.1333,1,F4
e5_t80,e5_t81,0.1333,1,F4
e5_t81,e5_t82,0.1333,1,F4
e5_t82,e5_t83,0.0667,1,F4
e5_t82,e5_t94,0.0667,12,F4
e5_t85,e5_t92,0.0667,7,F4
e5_t91,e5_t92,0.1333,1,F4
e5_t93,e5_t94,0.0667,1,F4
e5_t94,e5_t95,0.0667,1,F4
e5_t102,e5_t103,0.0667,1,F4
e5_t103,e5_t104,0.1333,1,F4
e5_t103,e5_t116,0.0667,13,F4
e5_t104,e5_t105,0.1333,1,F4
e5_t104,e5_t113,0.0667,9,F4
e5_t104,e5_t115,0.0667,11,F4
e5_t105,e5_t106,0.0667,1,F4
e5_t105,e5_t112,0.0667,7,F4
e5_t106,e5_t107,0.0667,1,F4
e5_t106,e5_t110,0.0667,4,F4
e5_t112,e5_t113,0.1333,1,F4
e5_t113,e5_t114,0.0667,1,F4
e5_t114,e5_t115,0.0667,1,F4
e5_t115,e5_t116,0.0667,1,F4
e5_t116,e5_t117,0.0667,1,F4
e5_t127,e5_t128,0.0667,1,F4
e5_t128,e5_t129,0.0667,1,F4
e5_t134,e5_t135,0.0667,1,F4
e5_t135,e5_t136,0.1333,1,F4
e5_t142,e5_t159,0.0667,17,F4
e5_t144,e5_t158,0.0667,14,F4
e5_t147,e5_t157,0.0667,10,F4
e5_t155,e5_t156,0.0667,1,F4
e5_t185,e5_t189,0.0667,4,F4
e5_t188,e5_t189,0.1333,1,F4
e5_t189,e5_t190,0.0667,1,F4
e5_t205,e5_t206,0.1333,1,F4
e5_t216,e5_t254,0.0667,38,F4
e5_t216,e5_t255,0.0667,39,F4
e5_t217,e5_t231,0.0667,14,F4
e5_t218,e5_t229,0.0667,11,F4
e5_t235,e5_t252,0.0667,17,F4
e5_t238,e5_t251,0.0667,13,F4
e5_t240,e5_t250,0.0667,10,F4
e5_t249,e5_t250,0.1333,1,F4
e5_t250,e5_t251,0.0667,1,F4
e5_t251,e5_t252,0.0667,1,F4
e5_t252,e5_t253,0.0667,1,F4
e5_t9,e5_t10,0.0667,1,F4
e5_t244,e5_t245,0.0667,1,F4
e5_t245,e5_t246,0.0667,1,F4
e5_t246,e5_t247,0.0667,1,F4
e5_t0,e5_t1,0.0667,1,F4
e5_t1,e5_t2,0.1333,1,F4
e5_t1,e5_t7,0.0667,6,F4
e5_t23,e5_t24,0.0667,1,F4
e5_t24,e5_t25,0.0667,1,F4
e5_t24,e5_t31,0.0667,7,F4
e5_t25,e5_t26,0.0667,1,F4
e5_t25,e5_t29,0.0667,4,F4
e5_t41,e5_t64,0.0667,23,F4
e5_t41,e5_t65,0.0667,24,F4
e5_t72,e5_t73,0.0667,1,F4
e5_t113,e5_t126,0.0667,13,F4
e5_t114,e5_t126,0.0667,12,F4
e5_t118,e5_t125,0.0667,7,F4
e5_t119,e5_t125,0.0667,6,F4
e5_t121,e5_t124,0.0667,3,F4
e5_t123,e5_t124,0.0667,1,F4
e5_t124,e5_t125,0.0667,1,F4
e5_t125,e5_t126,0.0667,1,F4
e5_t126,e5_t127,0.0667,1,F4
e5_t135,e5_t147,0.0667,12,F4
e5_t137,e5_t138,0.0667,1,F4
e5_t145,e5_t146,0.0667,1,F4
e5_t146,e5_t147,0.0667,1,F4
e5_t202,e5_t216,0.0667,14,F4
e5_t206,e5_t207,0.0667,1,F4
e5_t206,e5_t215,0.0667,9,F4
e5_t207,e5_t208,0.0667,1,F4
e5_t207,e5_t214,0.0667,7,F4
e5_t212,e5_t213,0.0667,1,F4
e5_t213,e5_t214,0.0667,1,F4
e5_t214,e5_t215,0.0667,1,F4
e5_t219,e5_t220,0.0667,1,F4
e5_t225,e5_t226,0.0667,1,F4
e5_t230,e5_t231,0.0667,1,F4
e5_t231,e5_t232,0.0667,1,F4
e5_t231,e5_t243,0.0667,12,F4
e5_t232,e5_t233,0.1333,1,F4
e5_t232,e5_t240,0.0667,8,F4
e5_t237,e5_t238,0.0667,1,F4
e5_t2,e5_t3,0.0667,1,F4
e5_t3,e5_t4,0.0667,1,F4
e5_t39,e5_t40,0.0667,1,F4
e5_t48,e5_t49,0.0667,1,F4
e5_t55,e5_t56,0.0667,1,F4
e5_t55,e5_t206,0.0667,151,F4
e5_t56,e5_t57,0.0667,1,F4
e5_t56,e5_t115,0.0667,59,F4
e5_t56,e5_t116,0.0667,60,F4
e5_t57,e5_t58,0.0667,1,F4
e5_t57,e5_t72,0.0667,15,F4
e5_t57,e5_t94,0.0667,37,F4
e5_t57,e5_t95,0.0667,38,F4
e5_t58,e5_t59,0.0667,1,F4
e5_t58,e5_t70,0.0667,12,F4
e5_t59,e5_t60,0.0667,1,F4
e5_t69,e5_t70,0.0667,1,F4
e5_t70,e5_t71,0.0667,1,F4
e5_t78,e5_t79,0.0667,1,F4
e5_t78,e5_t90,0.0667,12,F4
e5_t78,e5_t92,0.0667,14,F4
e5_t79,e5_t80,0.0667,1,F4
e5_t79,e5_t88,0.0667,9,F4
e5_t80,e5_t87,0.0667,7,F4
e5_t86,e5_t87,0.0667,1,F4
e5_t90,e5_t91,0.0667,1,F4
e5_t98,e5_t99,0.0667,1,F4
e5_t99,e5_t100,0.0667,1,F4
e5_t99,e5_t112,0.0667,13,F4
e5_t100,e5_t101,0.0667,1,F4
e5_t100,e5_t110,0.0667,10,F4
e5_t101,e5_t102,0.0667,1,F4
e5_t102,e5_t110,0.0667,8,F4
e5_t104,e5_t109,0.0667,5,F4
e5_t107,e5_t108,0.0667,1,F4
e5_t108,e5_t109,0.0667,1,F4
e5_t109,e5_t110,0.0667,1,F4
e5_t110,e5_t111,0.0667,1,F4
e5_t111,e5_t112,0.0667,1,F4
e5_t119,e5_t120,0.0667,1,F4
e5_t119,e5_t135,0.0667,16,F4
e5_t120,e5_t121,0.0667,1,F4
e5_t121,e5_t122,0.0667,1,F4
e5_t121,e5_t131,0.0667,10,F4
e5_t122,e5_t123,0.0667,1,F4
e5_t177,e5_t189,0.0667,12,F4
e5_t187,e5_t188,0.0667,1,F4
e5_t193,e5_t206,0.0667,13,F4
e5_t198,e5_t205,0.0667,7,F4
e5_t199,e5_t205,0.0667,6,F4
e5_t233,e5_t246,0.0667,13,F4
e5_t77,e5_t78,0.0667,1,F4
e5_t172,e5_t173,0.0667,1,F4
e6_t77,e6_t78,0.1333,1,F8
e6_t253,e6_t254,0.4667,1,F8
e6_t9,e6_t10,0.2667,1,F8
e6_t124,e6_t125,0.3333,1,F8
e6_t124,e6_t141,0.0667,17,F8
e6_t149,e6_t186,0.0667,37,F8
e6_t150,e6_t186,0.0667,36,F8
e6_t153,e6_t185,0.0667,32,F8
e6_t155,e6_t185,0.0667,30,F8
e6_t171,e6_t172,0.1333,1,F8
e6_t171,e6_t184,0.0667,13,F8
e6_t172,e6_t173,0.1333,1,F8
e6_t173,e6_t174,0.2,1,F8
e6_t173,e6_t182,0.0667,9,F8
e6_t180,e6_t181,0.2,1,F8
e6_t181,e6_t182,0.1333,1,F8
e6_t182,e6_t183,0.0667,1,F8
e6_t183,e6_t184,0.0667,1,F8
e6_t184,e6_t185,0.1333,1,F8
e6_t185,e6_t186,0.2,1,F8
e6_t188,e6_t189,0.3333,1,F8
e6_t188,e6_t227,0.0667,39,F8
e6_t188,e6_t228,0.0667,40,F8
e6_t189,e6_t190,0.2667,1,F8
e6_t189,e6_t204,0.0667,15,F8
e6_t190,e6_t191,0.2,1,F8
e6_t191,e6_t204,0.0667,13,F8
e6_t193,e6_t194,0.2667,1,F8
e6_t193,e6_t203,0.0667,10,F8
e6_t194,e6_t195,0.1333,1,F8
e6_t194,e6_t201,0.0667,7,F8
e6_t195,e6_t196,0.0667,1,F8
e6_t195,e6_t200,0.0667,5,F8
e6_t200,e6_t201,0.2,1,F8
e6_t201,e6_t202,0.3333,1,F8
e6_t202,e6_t203,0.3333,1,F8
e6_t203,e6_t204,0.1333,1,F8
e6_t210,e6_t211,0.1333,1,F8
e6_t211,e6_t212,0.1333,1,F8
e6_t212,e6_t213,0.1333,1,F8
e6_t212,e6_t224,0.0667,12,F8
e6_t213,e6_t214,0.1333,1,F8
e6_t213,e6_t223,0.0667,10,F8
e6_t214,e6_t215,0.1333,1,F8
e6_t221,e6_t222,0.1333,1,F8
e6_t222,e6_t223,0.1333,1,F8
e6_t223,e6_t224,0.1333,1,F8
e6_t224,e6_t225,0.1333,1,F8
e6_t225,e6_t226,0.0667,1,F8
e6_t230,e6_t231,0.2,1,F8
e6_t231,e6_t232,0.1333,1,F8
e6_t231,e6_t243,0.0667,12,F8
e6_t232,e6_t233,0.1333,1,F8
e6_t233,e6_t242,0.0667,9,F8
e6_t235,e6_t236,0.0667,1,F8
e6_t235,e6_t241,0.0667,6,F8
e6_t236,e6_t237,0.0667,1,F8
e6_t237,e6_t240,0.0667,3,F8
e6_t239,e6_t240,0.0667,1,F8
e6_t240,e6_t241,0.0667,1,F8
e6_t241,e6_t242,0.1333,1,F8
e6_t242,e6_t243,0.1333,1,F8
e6_t243,e6_t244,0.1333,1,F8
e6_t244,e6_t245,0.1333,1,F8
e6_t251,e6_t252,0.0667,1,F8
e6_t252,e6_t253,0.4,1,F8
e6_t254,e6_t255,0.2667,1,F8
e6_t4,e6_t5,0.1333,1,F8
e6_t5,e6_t6,0.1333,1,F8
e6_t8,e6_t9,0.1333,1,F8
e6_t12,e6_t27,0.1333,15,F8
e6_t13,e6_t14,0.2,1,F8
e6_t14,e6_t15,0.2,1,F8
e6_t15,e6_t25,0.0667,10,F8
e6_t17,e6_t24,0.0667,7,F8
e6_t23,e6_t24,0.0667,1,F8
e6_t24,e6_t25,0.1333,1,F8
e6_t25,e6_t26,0.2667,1,F8
e6_t26,e6_t27,0.2,1,F8
e6_t92,e6_t93,0.2,1,F8
e6_t92,e6_t102,0.0667,10,F8
e6_t92,e6_t103,0.0667,11,F8
e6_t93,e6_t94,0.2,1,F8
e6_t93,e6_t100,0.0667,7,F8
e6_t94,e6_t95,0.1333,1,F8
e6_t94,e6_t97,0.0667,3,F8
e6_t121,e6_t122,0.0667,1,F8
e6_t125,e6_t126,0.2667,1,F8
e6_t157,e6_t158,0.1333,1,F8
e6_t177,e6_t178,0.1333,1,F8
e6_t177,e6_t188,0.0667,11,F8
e6_t178,e6_t179,0.2,1,F8
e6_t10,e6_t11,0.0667,1,F8
e6_t204,e6_t205,0.2667,1,F8
e6_t205,e6_t206,0.2,1,F8
e6_t206,e6_t207,0.2,1,F8
e6_t60,e6_t61,0.2,1,F8
e6_t60,e6_t72,0.0667,12,F8
e6_t83,e6_t90,0.0667,7,F8
e6_t89,e6_t90,0.0667,1,F8
e6_t90,e6_t91,0.0667,1,F8
e6_t186,e6_t187,0.1333,1,F8
e6_t22,e6_t26,0.0667,4,F8
e6_t166,e6_t167,0.1333,1,F8
e6_t188,e6_t200,0.0667,12,F8
e6_t189,e6_t198,0.0667,9,F8
e6_t12,e6_t13,0.1333,1,F8
e6_t14,e6_t27,0.0667,13,F8
e6_t16,e6_t26,0.0667,10,F8
e6_t17,e6_t26,0.0667,9,F8
e6_t21,e6_t25,0.0667,4,F8
e6_t27,e6_t28,0.0667,1,F8
e6_t42,e6_t43,0.0667,1,F8
e6_t46,e6_t47,0.0667,1,F8
e6_t47,e6_t48,0.0667,1,F8
e6_t48,e6_t49,0.0667,1,F8
e6_t53,e6_t54,0.0667,1,F8
e6_t53,e6_t226,0.0667,173,F8
e6_t54,e6_t55,0.0667,1,F8
e6_t54,e6_t73,0.0667,19,F8
e6_t54,e6_t140,0.0667,86,F8
e6_t54,e6_t183,0.0667,129,F8
e6_t55,e6_t56,0.0667,1,F8
e6_t56,e6_t57,0.0667,1,F8
e6_t56,e6_t71,0.0667,15,F8
e6_t57,e6_t58,0.0667,1,F8
e6_t57,e6_t70,0.0667,13,F8
e6_t58,e6_t69,0.0667,11,F8
e6_t59,e6_t60,0.0667,1,F8
e6_t68,e6_t69,0.1333,1,F8
e6_t69,e6_t70,0.1333,1,F8
e6_t70,e6_t71,0.1333,1,F8
e6_t75,e6_t76,0.0667,1,F8
e6_t76,e6_t77,0.0667,1,F8
e6_t76,e6_t90,0.0667,14,F8
e6_t76,e6_t91,0.0667,15,F8
e6_t77,e6_t88,0.0667,11,F8
e6_t78,e6_t79,0.0667,1,F8
e6_t78,e6_t85,0.0667,7,F8
e6_t93,e6_t108,0.0667,15,F8
e6_t93,e6_t111,0.0667,18,F8
e6_t94,e6_t106,0.0667,12,F8
e6_t137,e6_t138,0.0667,1,F8
e6_t149,e6_t150,0.0667,1,F8
e6_t150,e6_t151,0.0667,1,F8
e6_t150,e6_t156,0.0667,6,F8
e6_t168,e6_t181,0.0667,13,F8
e6_t170,e6_t171,0.1333,1,F8
e6_t171,e6_t178,0.0667,7,F8
e6_t172,e6_t177,0.0667,5,F8
e6_t176,e6_t177,0.0667,1,F8
e6_t179,e6_t180,0.1333,1,F8
e6_t187,e6_t188,0.0667,1,F8
e6_t188,e6_t204,0.0667,16,F8
e6_t188,e6_t222,0.0667,34,F8
e6_t190,e6_t203,0.0667,13,F8
e6_t191,e6_t192,0.1333,1,F8
e6_t191,e6_t202,0.0667,11,F8
e6_t192,e6_t193,0.2,1,F8
e6_t192,e6_t201,0.0667,9,F8
e6_t199,e6_t200,0.1333,1,F8
e6_t217,e6_t218,0.1333,1,F8
e6_t229,e6_t230,0.0667,1,F8
e6_t230,e6_t234,0.0667,4,F8
e6_t235,e6_t250,0.0667,15,F8
e6_t249,e6_t250,0.1333,1,F8
e6_t90,e6_t106,0.0667,16,F8
e6_t105,e6_t106,0.0667,1,F8
e6_t188,e6_t219,0.0667,31,F8
e6_t237,e6_t238,0.0667,1,F8
e6_t61,e6_t62,0.1333,1,F8
e6_t61,e6_t65,0.0667,4,F8
e6_t225,e6_t234,0.0667,9,F8
e6_t233,e6_t234,0.2,1,F8
e6_t174,e6_t186,0.0667,12,F8
e6_t125,e6_t134,0.0667,9,F8
e6_t38,e6_t195,0.0667,157,F8
e6_t60,e6_t194,0.0667,134,F8
e6_t61,e6_t194,0.0667,133,F8
e6_t67,e6_t68,0.0667,1,F8
e6_t68,e6_t76,0.0667,8,F8
e6_t69,e6_t74,0.0667,5,F8
e6_t86,e6_t87,0.0667,1,F8
e6_t108,e6_t109,0.0667,1,F8
e6_t108,e6_t117,0.0667,9,F8
e6_t109,e6_t110,0.0667,1,F8
e6_t109,e6_t115,0.0667,6,F8
e6_t124,e6_t170,0.0667,46,F8
e6_t125,e6_t148,0.0667,23,F8
e6_t125,e6_t149,0.0667,24,F8
e6_t125,e6_t150,0.0667,25,F8
e6_t156,e6_t170,0.0667,14,F8
e6_t168,e6_t169,0.0667,1,F8
e6_t169,e6_t170,0.0667,1,F8
e6_t172,e6_t193,0.0667,21,F8
e6_t173,e6_t193,0.0667,20,F8
e6_t174,e6_t193,0.0667,19,F8
e6_t175,e6_t193,0.0667,18,F8
e6_t176,e6_t193,0.0667,17,F8
e6_t179,e6_t192,0.0667,13,F8
e6_t180,e6_t191,0.0667,11,F8
e6_t201,e6_t214,0.0667,13,F8
e6_t202,e6_t213,0.0667,11,F8
e6_t204,e6_t212,0.0667,8,F8
e6_t205,e6_t211,0.0667,6,F8
e6_t209,e6_t210,0.0667,1,F8
e6_t215,e6_t216,0.0667,1,F8
e6_t216,e6_t217,0.1333,1,F8
e6_t219,e6_t220,0.0667,1,F8
e6_t219,e6_t236,0.0667,17,F8
e6_t220,e6_t221,0.0667,1,F8
e6_t221,e6_t233,0.0667,12,F8
e6_t221,e6_t235,0.0667,14,F8
e6_t222,e6_t232,0.0667,10,F8
e6_t223,e6_t231,0.0667,8,F8
e6_t234,e6_t235,0.1333,1,F8
e6_t242,e6_t253,0.0667,11,F8
e6_t243,e6_t251,0.0667,8,F8
e6_t245,e6_t246,0.0667,1,F8
e6_t250,e6_t251,0.1333,1,F8
e6_t5,e6_t27,0.0667,22,F8
e6_t6,e6_t7,0.0667,1,F8
e6_t7,e6_t8,0.0667,1,F8
e6_t13,e6_t21,0.0667,8,F8
e6_t14,e6_t20,0.0667,6,F8
e6_t19,e6_t20,0.0667,1,F8
e6_t20,e6_t21,0.0667,1,F8
e6_t21,e6_t22,0.0667,1,F8
e6_t41,e6_t42,0.0667,1,F8
e6_t91,e6_t92,0.0667,1,F8
e6_t135,e6_t136,0.0667,1,F8
e6_t149,e6_t154,0.0667,5,F8
e6_t153,e6_t154,0.2,1,F8
e6_t165,e6_t166,0.0667,1,F8
e6_t166,e6_t174,0.0667,8,F8
e6_t166,e6_t176,0.0667,10,F8
e6_t174,e6_t175,0.0667,1,F8
e6_t175,e6_t176,0.0667,1,F8
e6_t189,e6_t193,0.0667,4,F8
e6_t205,e6_t216,0.0667,11,F8
e6_t206,e6_t214,0.0667,8,F8
e6_t207,e6_t208,0.0667,1,F8
e6_t226,e6_t227,0.0667,1,F8
e6_t28,e6_t29,0.0667,1,F8
e6_t29,e6_t30,0.1333,1,F8
e6_t44,e6_t45,0.0667,1,F8
e6_t45,e6_t46,0.0667,1,F8
e6_t45,e6_t50,0.0667,5,F8
e6_t141,e6_t142,0.0667,1,F8
e6_t143,e6_t154,0.0667,11,F8
e6_t154,e6_t155,0.0667,1,F8
e6_t28,e6_t235,0.0667,207,F8
e6_t145,e6_t154,0.0667,9,F8
e6_t146,e6_t154,0.0667,8,F8
e6_t205,e6_t234,0.0667,29,F8
e7_t8,e7_t9,0.4,1,T7
e7_t27,e7_t28,0.2,1,T7
e7_t27,e7_t55,0.0667,28,T7
e7_t28,e7_t29,0.3333,1,T7
e7_t28,e7_t50,0.0667,22,T7
e7_t29,e7_t30,0.2667,1,T7
e7_t91,e7_t92,0.4,1,T7
e7_t91,e7_t111,0.0667,20,T7
e7_t92,e7_t93,0.4,1,T7
e7_t92,e7_t105,0.0667,13,T7
e7_t93,e7_t94,0.1333,1,T7
e7_t93,e7_t96,0.0667,3,T7
e7_t155,e7_t156,0.2667,1,T7
e7_t156,e7_t157,0.4,1,T7
e7_t187,e7_t188,0.2667,1,T7
e7_t187,e7_t217,0.0667,30,T7
e7_t216,e7_t217,0.3333,1,T7
e7_t217,e7_t218,0.2,1,T7
e7_t220,e7_t221,0.2667,1,T7
e7_t248,e7_t249,0.4,1,T7
e7_t4,e7_t9,0.0667,5,T7
e7_t11,e7_t12,0.1333,1,T7
e7_t24,e7_t25,0.2,1,T7
e7_t88,e7_t89,0.2667,1,T7
e7_t89,e7_t90,0.2667,1,T7
e7_t98,e7_t99,0.1333,1,T7
e7_t99,e7_t100,0.2,1,T7
e7_t168,e7_t169,0.3333,1,T7
e7_t183,e7_t184,0.2,1,T7
e7_t184,e7_t185,0.2,1,T7
e7_t196,e7_t225,0.0667,29,T7
e7_t212,e7_t224,0.0667,12,T7
e7_t223,e7_t224,0.1333,1,T7
e7_t224,e7_t225,0.1333,1,T7
e7_t235,e7_t236,0.0667,1,T7
e7_t236,e7_t237,0.0667,1,T7
e7_t237,e7_t238,0.0667,1,T7
e7_t247,e7_t248,0.2,1,T7
e7_t251,e7_t252,0.2,1,T7
e7_t252,e7_t253,0.3333,1,T7
e7_t253,e7_t254,0.0667,1,T7
e7_t7,e7_t8,0.1333,1,T7
e7_t9,e7_t10,0.2667,1,T7
e7_t54,e7_t90,0.0667,36,T7
e7_t59,e7_t60,0.2,1,T7
e7_t59,e7_t71,0.0667,12,T7
e7_t60,e7_t61,0.3333,1,T7
e7_t60,e7_t68,0.0667,8,T7
e7_t74,e7_t90,0.0667,16,T7
e7_t75,e7_t76,0.3333,1,T7
e7_t76,e7_t77,0.2667,1,T7
e7_t76,e7_t89,0.0667,13,T7
e7_t87,e7_t88,0.1333,1,T7
e7_t91,e7_t154,0.0667,63,T7
e7_t100,e7_t101,0.1333,1,T7
e7_t101,e7_t102,0.1333,1,T7
e7_t133,e7_t153,0.0667,20,T7
e7_t134,e7_t153,0.0667,19,T7
e7_t139,e7_t140,0.2,1,T7
e7_t139,e7_t150,0.0667,11,T7
e7_t140,e7_t141,0.2,1,T7
e7_t140,e7_t149,0.0667,9,T7
e7_t141,e7_t142,0.0667,1,T7
e7_t147,e7_t148,0.0667,1,T7
e7_t148,e7_t149,0.0667,1,T7
e7_t149,e7_t150,0.0667,1,T7
e7_t150,e7_t151,0.0667,1,T7
e7_t151,e7_t152,0.1333,1,T7
e7_t152,e7_t153,0.2,1,T7
e7_t153,e7_t154,0.2,1,T7
e7_t156,e7_t168,0.0667,12,T7
e7_t157,e7_t158,0.1333,1,T7
e7_t158,e7_t168,0.0667,10,T7
e7_t161,e7_t167,0.0667,6,T7
e7_t166,e7_t167,0.0667,1,T7
e7_t167,e7_t168,0.0667,1,T7
e7_t169,e7_t170,0.2,1,T7
e7_t175,e7_t176,0.0667,1,T7
e7_t175,e7_t233,0.0667,58,T7
e7_t176,e7_t177,0.1333,1,T7
e7_t176,e7_t213,0.0667,37,T7
e7_t177,e7_t178,0.1333,1,T7
e7_t179,e7_t180,0.2,1,T7
e7_t180,e7_t181,0.1333,1,T7
e7_t181,e7_t182,0.1333,1,T7
e7_t181,e7_t187,0.0667,6,T7
e7_t181,e7_t188,0.0667,7,T7
e7_t181,e7_t189,0.0667,8,T7
e7_t182,e7_t183,0.1333,1,T7
e7_t182,e7_t185,0.0667,3,T7
e7_t190,e7_t191,0.1333,1,T7
e7_t201,e7_t207,0.0667,6,T7
e7_t202,e7_t207,0.0667,5,T7
e7_t206,e7_t207,0.1333,1,T7
e7_t207,e7_t208,0.1333,1,T7
e7_t218,e7_t219,0.2,1,T7
e7_t219,e7_t220,0.1333,1,T7
e7_t219,e7_t227,0.0667,8,T7
e7_t227,e7_t228,0.0667,1,T7
e7_t238,e7_t249,0.0667,11,T7
e7_t239,e7_t249,0.0667,10,T7
e7_t242,e7_t248,0.0667,6,T7
e7_t249,e7_t250,0.1333,1,T7
e7_t0,e7_t16,0.0667,16,T7
e7_t4,e7_t5,0.0667,1,T7
e7_t5,e7_t6,0.0667,1,T7
e7_t13,e7_t14,0.1333,1,T7
e7_t14,e7_t15,0.0667,1,T7
e7_t15,e7_t16,0.0667,1,T7
e7_t32,e7_t33,0.0667,1,T7
e7_t72,e7_t73,0.2667,1,T7
e7_t80,e7_t96,0.0667,16,T7
e7_t81,e7_t96,0.0667,15,T7
e7_t95,e7_t96,0.1333,1,T7
e7_t123,e7_t124,0.2,1,T7
e7_t124,e7_t125,0.2667,1,T7
e7_t156,e7_t179,0.0667,23,T7
e7_t200,e7_t201,0.3333,1,T7
e7_t204,e7_t205,0.3333,1,T7
e7_t12,e7_t13,0.2,1,T7
e7_t12,e7_t24,0.0667,12,T7
e7_t27,e7_t75,0.0667,48,T7
e7_t27,e7_t185,0.0667,158,T7
e7_t29,e7_t40,0.0667,11,T7
e7_t29,e7_t42,0.0667,13,T7
e7_t30,e7_t31,0.1333,1,T7
e7_t30,e7_t39,0.0667,9,T7
e7_t39,e7_t40,0.1333,1,T7
e7_t40,e7_t41,0.2667,1,T7
e7_t41,e7_t42,0.2,1,T7
e7_t49,e7_t74,0.0667,25,T7
e7_t53,e7_t73,0.0667,20,T7
e7_t59,e7_t73,0.0667,14,T7
e7_t68,e7_t73,0.0667,5,T7
e7_t73,e7_t74,0.2,1,T7
e7_t212,e7_t213,0.1333,1,T7
e7_t213,e7_t214,0.0667,1,T7
e7_t213,e7_t217,0.0667,4,T7
e7_t18,e7_t19,0.0667,1,T7
e7_t76,e7_t87,0.0667,11,T7
e7_t116,e7_t117,0.0667,1,T7
e7_t117,e7_t118,0.0667,1,T7
e7_t126,e7_t127,0.0667,1,T7
e7_t155,e7_t162,0.0667,7,T7
e7_t156,e7_t160,0.0667,4,T7
e7_t188,e7_t189,0.2,1,T7
e7_t189,e7_t202,0.0667,13,T7
e7_t191,e7_t201,0.0667,10,T7
e7_t201,e7_t202,0.2,1,T7
e7_t237,e7_t248,0.0667,11,T7
e7_t35,e7_t36,0.0667,1,T7
e7_t36,e7_t37,0.0667,1,T7
e7_t37,e7_t38,0.0667,1,T7
e7_t40,e7_t48,0.0667,8,T7
e7_t46,e7_t47,0.0667,1,T7
e7_t47,e7_t48,0.0667,1,T7
e7_t48,e7_t49,0.1333,1,T7
e7_t49,e7_t50,0.1333,1,T7
e7_t59,e7_t72,0.0667,13,T7
e7_t76,e7_t90,0.0667,14,T7
e7_t76,e7_t186,0.0667,110,T7
e7_t77,e7_t78,0.0667,1,T7
e7_t79,e7_t89,0.0667,10,T7
e7_t82,e7_t88,0.0667,6,T7
e7_t101,e7_t130,0.0667,29,T7
e7_t117,e7_t129,0.0667,12,T7
e7_t121,e7_t128,0.0667,7,T7
e7_t122,e7_t128,0.0667,6,T7
e7_t127,e7_t128,0.0667,1,T7
e7_t128,e7_t129,0.0667,1,T7
e7_t129,e7_t130,0.0667,1,T7
e7_t130,e7_t131,0.0667,1,T7
e7_t139,e7_t185,0.0667,46,T7
e7_t140,e7_t183,0.0667,43,T7
e7_t152,e7_t183,0.0667,31,T7
e7_t155,e7_t167,0.0667,12,T7
e7_t155,e7_t182,0.0667,27,T7
e7_t156,e7_t164,0.0667,8,T7
e7_t169,e7_t182,0.0667,13,T7
e7_t170,e7_t182,0.0667,12,T7
e7_t171,e7_t172,0.1333,1,T7
e7_t172,e7_t173,0.1333,1,T7
e7_t185,e7_t186,0.0667,1,T7
e7_t187,e7_t243,0.0667,56,T7
e7_t188,e7_t225,0.0667,37,T7
e7_t188,e7_t226,0.0667,38,T7
e7_t189,e7_t190,0.1333,1,T7
e7_t190,e7_t224,0.0667,34,T7
e7_t191,e7_t192,0.0667,1,T7
e7_t192,e7_t193,0.0667,1,T7
e7_t192,e7_t202,0.0667,10,T7
e7_t193,e7_t194,0.0667,1,T7
e7_t193,e7_t201,0.0667,8,T7
e7_t194,e7_t195,0.0667,1,T7
e7_t195,e7_t201,0.0667,6,T7
e7_t208,e7_t222,0.0667,14,T7
e7_t209,e7_t210,0.0667,1,T7
e7_t209,e7_t222,0.0667,13,T7
e7_t210,e7_t211,0.0667,1,T7
e7_t210,e7_t219,0.0667,9,T7
e7_t210,e7_t221,0.0667,11,T7
e7_t211,e7_t212,0.0667,1,T7
e7_t221,e7_t222,0.1333,1,T7
e7_t222,e7_t223,0.0667,1,T7
e7_t250,e7_t251,0.0667,1,T7
e7_t25,e7_t26,0.1333,1,T7
e7_t52,e7_t53,0.1333,1,T7
e7_t53,e7_t54,0.1333,1,T7
e7_t53,e7_t57,0.0667,4,T7
e7_t57,e7_t58,0.1333,1,T7
e7_t63,e7_t64,0.1333,1,T7
e7_t79,e7_t80,0.1333,1,T7
e7_t80,e7_t81,0.1333,1,T7
e7_t120,e7_t121,0.2667,1,T7
e7_t121,e7_t122,0.2,1,T7
e7_t56,e7_t57,0.1333,1,T7
e7_t60,e7_t90,0.0667,30,T7
e7_t92,e7_t114,0.0667,22,T7
e7_t144,e7_t169,0.0667,25,T7
e7_t92,e7_t96,0.0667,4,T7
e7_t203,e7_t204,0.2667,1,T7
e7_t240,e7_t249,0.0667,9,T7
e7_t26,e7_t120,0.0667,94,T7
e7_t28,e7_t51,0.0667,23,T7
e7_t82,e7_t120,0.0667,38,T7
e7_t101,e7_t112,0.0667,11,T7
e7_t102,e7_t103,0.0667,1,T7
e7_t110,e7_t111,0.1333,1,T7
e7_t111,e7_t112,0.1333,1,T7
e7_t112,e7_t113,0.1333,1,T7
e7_t119,e7_t120,0.0667,1,T7
e7_t123,e7_t201,0.0667,78,T7
e7_t123,e7_t202,0.0667,79,T7
e7_t124,e7_t154,0.0667,30,T7
e7_t125,e7_t126,0.0667,1,T7
e7_t146,e7_t152,0.0667,6,T7
e7_t204,e7_t210,0.0667,6,T7
e7_t232,e7_t233,0.2,1,T7
e7_t66,e7_t74,0.0667,8,T7
e7_t71,e7_t72,0.0667,1,T7
e7_t85,e7_t86,0.0667,1,T7
e7_t86,e7_t87,0.0667,1,T7
e7_t89,e7_t103,0.0667,14,T7
e7_t89,e7_t105,0.0667,16,T7
e7_t90,e7_t91,0.0667,1,T7
e7_t91,e7_t99,0.0667,8,T7
e7_t104,e7_t105,0.1333,1,T7
e7_t135,e7_t136,0.0667,1,T7
e7_t136,e7_t137,0.0667,1,T7
e7_t218,e7_t235,0.0667,17,T7
e7_t219,e7_t233,0.0667,14,T7
e7_t220,e7_t232,0.0667,12,T7
e7_t233,e7_t234,0.1333,1,T7
e7_t234,e7_t235,0.0667,1,T7
e7_t9,e7_t42,0.0667,33,T7
e7_t10,e7_t42,0.0667,32,T7
e7_t11,e7_t27,0.0667,16,T7
e7_t11,e7_t28,0.0667,17,T7
e7_t12,e7_t25,0.0667,13,T7
e7_t13,e7_t24,0.0667,11,T7
e7_t23,e7_t24,0.0667,1,T7
e7_t28,e7_t41,0.0667,13,T7
e7_t29,e7_t41,0.0667,12,T7
e7_t30,e7_t41,0.0667,11,T7
e7_t31,e7_t41,0.0667,10,T7
e7_t33,e7_t40,0.0667,7,T7
e7_t50,e7_t51,0.0667,1,T7
e7_t51,e7_t52,0.0667,1,T7
e7_t51,e7_t61,0.0667,10,T7
e7_t53,e7_t58,0.0667,5,T7
e7_t54,e7_t55,0.0667,1,T7
e7_t58,e7_t59,0.0667,1,T7
e7_t61,e7_t62,0.1333,1,T7
e7_t62,e7_t63,0.0667,1,T7
e7_t64,e7_t65,0.0667,1,T7
e7_t67,e7_t81,0.0667,14,T7
e7_t81,e7_t82,0.0667,1,T7
e7_t92,e7_t106,0.0667,14,T7
e7_t94,e7_t95,0.0667,1,T7
e7_t94,e7_t103,0.0667,9,T7
e7_t94,e7_t105,0.0667,11,T7
e7_t108,e7_t109,0.0667,1,T7
e7_t109,e7_t110,0.0667,1,T7
e7_t112,e7_t123,0.0667,11,T7
e7_t113,e7_t114,0.0667,1,T7
e7_t113,e7_t121,0.0667,8,T7
e7_t114,e7_t115,0.0667,1,T7
e7_t114,e7_t120,0.0667,6,T7
e7_t158,e7_t159,0.0667,1,T7
e7_t165,e7_t179,0.0667,14,T7
e7_t178,e7_t179,0.0667,1,T7
e7_t186,e7_t202,0.0667,16,T7
e7_t187,e7_t200,0.0667,13,T7
e7_t188,e7_t199,0.0667,11,T7
e7_t199,e7_t200,0.1333,1,T7
e7_t205,e7_t218,0.0667,13,T7
e7_t207,e7_t217,0.0667,10,T7
e7_t43,e7_t44,0.0667,1,T7
e7_t43,e7_t54,0.0667,11,T7
e7_t43,e7_t55,0.0667,12,T7
e7_t44,e7_t45,0.0667,1,T7
e7_t44,e7_t50,0.0667,6,T7
e7_t60,e7_t138,0.0667,78,T7
e7_t161,e7_t201,0.0667,40,T7
e7_t172,e7_t177,0.0667,5,T7
e8_t19,e8_t20,0.0667,1,C3
e8_t20,e8_t21,0.0667,1,C3
e8_t21,e8_t22,0.0667,1,C3
e8_t22,e8_t23,0.0667,1,C3
e8_t62,e8_t63,0.0667,1,C3
e8_t71,e8_t72,0.0667,1,C3
e8_t71,e8_t107,0.0667,36,C3
e8_t72,e8_t73,0.0667,1,C3
e8_t72,e8_t105,0.0667,33,C3
e8_t73,e8_t74,0.0667,1,C3
e8_t73,e8_t86,0.0667,13,C3
e8_t74,e8_t75,0.0667,1,C3
e8_t74,e8_t84,0.0667,10,C3
e8_t75,e8_t76,0.0667,1,C3
e8_t83,e8_t84,0.0667,1,C3
e8_t84,e8_t85,0.0667,1,C3
e8_t103,e8_t104,0.0667,1,C3
e8_t113,e8_t114,0.0667,1,C3
e8_t114,e8_t115,0.0667,1,C3
e8_t114,e8_t123,0.0667,9,C3
e8_t115,e8_t116,0.0667,1,C3
e8_t123,e8_t124,0.0667,1,C3
e8_t124,e8_t125,0.0667,1,C3
e8_t125,e8_t126,0.0667,1,C3
e8_t214,e8_t215,0.0667,1,C3
e8_t215,e8_t216,0.0667,1,C3
e9_t56,e9_t57,0.1333,1,CZ
e9_t57,e9_t58,0.1333,1,CZ
e9_t39,e9_t40,0.0667,1,CZ
e9_t123,e9_t124,0.0667,1,CZ
e9_t124,e9_t125,0.0667,1,CZ
e9_t125,e9_t138,0.0667,13,CZ
e9_t136,e9_t137,0.0667,1,CZ
e9_t137,e9_t138,0.0667,1,CZ
e9_t140,e9_t154,0.0667,14,CZ
e9_t152,e9_t153,0.0667,1,CZ
e9_t153,e9_t154,0.0667,1,CZ
e9_t170,e9_t171,0.0667,1,CZ
e9_t2,e9_t3,0.0667,1,CZ
e9_t3,e9_t4,0.0667,1,CZ
e9_t3,e9_t12,0.0667,9,CZ
e9_t10,e9_t11,0.0667,1,CZ
e9_t11,e9_t12,0.0667,1,CZ
e9_t12,e9_t13,0.0667,1,CZ
e9_t13,e9_t14,0.0667,1,CZ
e9_t21,e9_t22,0.0667,1,CZ
e9_t22,e9_t23,0.0667,1,CZ
e9_t22,e9_t57,0.0667,35,CZ
e9_t23,e9_t24,0.0667,1,CZ
e9_t23,e9_t56,0.0667,33,CZ
e9_t24,e9_t25,0.0667,1,CZ
e9_t53,e9_t54,0.0667,1,CZ
e9_t54,e9_t55,0.0667,1,CZ
e9_t55,e9_t56,0.0667,1,CZ
e9_t66,e9_t75,0.0667,9,CZ
e9_t73,e9_t74,0.0667,1,CZ
e9_t74,e9_t75,0.0667,1,CZ
e9_t75,e9_t76,0.0667,1,CZ
e9_t76,e9_t77,0.0667,1,CZ
e9_t106,e9_t107,0.0667,1,CZ
e9_t107,e9_t108,0.0667,1,CZ
e9_t107,e9_t119,0.0667,12,CZ
e9_t108,e9_t109,0.0667,1,CZ
e9_t109,e9_t110,0.0667,1,CZ
e9_t189,e9_t190,0.0667,1,CZ
e9_t189,e9_t202,0.0667,13,CZ
e9_t190,e9_t191,0.0667,1,CZ
e9_t216,e9_t217,0.0667,1,CZ
e9_t217,e9_t218,0.0667,1,CZ
e9_t231,e9_t232,0.0667,1,CZ
e9_t252,e9_t253,0.0667,1,CZ
e9_t253,e9_t254,0.0667,1,CZ
e9_t25,e9_t26,0.0667,1,CZ
e9_t26,e9_t27,0.0667,1,CZ
e9_t131,e9_t132,0.0667,1,CZ
e9_t132,e9_t133,0.0667,1,CZ
e9_t133,e9_t134,0.0667,1,CZ
e9_t142,e9_t143,0.0667,1,CZ
e9_t143,e9_t144,0.0667,1,CZ
e9_t144,e9_t145,0.0667,1,CZ
e9_t156,e9_t157,0.0667,1,CZ
e9_t230,e9_t231,0.0667,1,CZ
e9_t239,e9_t240,0.0667,1,CZ
e9_t240,e9_t241,0.0667,1,CZ
e9_t27,e9_t28,0.0667,1,CZ
e9_t27,e9_t51,0.0667,24,CZ
e9_t28,e9_t29,0.0667,1,CZ
e9_t28,e9_t49,0.0667,21,CZ
e10_t92,e10_t93,0.2667,1,C4
e10_t21,e10_t28,0.0667,7,C4
e10_t27,e10_t28,0.0667,1,C4
e10_t28,e10_t29,0.2,1,C4
e10_t81,e10_t82,0.0667,1,C4
e10_t82,e10_t83,0.0667,1,C4
e10_t82,e10_t93,0.0667,11,C4
e10_t83,e10_t84,0.0667,1,C4
e10_t83,e10_t92,0.0667,9,C4
e10_t91,e10_t92,0.2,1,C4
e10_t93,e10_t94,0.1333,1,C4
e10_t99,e10_t100,0.0667,1,C4
e10_t100,e10_t101,0.0667,1,C4
e10_t100,e10_t118,0.0667,18,C4
e10_t101,e10_t102,0.0667,1,C4
e10_t101,e10_t115,0.0667,14,C4
e10_t146,e10_t158,0.0667,12,C4
e10_t149,e10_t157,0.0667,8,C4
e10_t150,e10_t157,0.0667,7,C4
e10_t155,e10_t156,0.1333,1,C4
e10_t156,e10_t157,0.1333,1,C4
e10_t157,e10_t158,0.0667,1,C4
e10_t7,e10_t221,0.0667,214,C4
e10_t123,e10_t124,0.0667,1,C4
e10_t124,e10_t125,0.0667,1,C4
e10_t148,e10_t220,0.0667,72,C4
e10_t152,e10_t153,0.0667,1,C4
e10_t207,e10_t220,0.0667,13,C4
e10_t208,e10_t220,0.0667,12,C4
e10_t218,e10_t219,0.0667,1,C4
e10_t219,e10_t220,0.0667,1,C4
e10_t220,e10_t221,0.0667,1,C4
e10_t232,e10_t233,0.0667,1,C4
e10_t233,e10_t234,0.0667,1,C4
e10_t237,e10_t238,0.0667,1,C4
e10_t248,e10_t249,0.0667,1,C4
e10_t249,e10_t250,0.0667,1,C4
e10_t13,e10_t14,0.0667,1,C4
e10_t14,e10_t15,0.0667,1,C4
e10_t15,e10_t16,0.0667,1,C4
e10_t21,e10_t22,0.0667,1,C4
e10_t22,e10_t23,0.0667,1,C4
e10_t33,e10_t44,0.0667,11,C4
e10_t43,e10_t44,0.0667,1,C4
e10_t44,e10_t45,0.0667,1,C4
e10_t45,e10_t46,0.0667,1,C4
e10_t72,e10_t73,0.0667,1,C4
e10_t95,e10_t96,0.1333,1,C4
e10_t11,e10_t12,0.0667,1,C4
e10_t18,e10_t19,0.0667,1,C4
e10_t19,e10_t20,0.0667,1,C4
e10_t20,e10_t21,0.0667,1,C4
e10_t23,e10_t24,0.0667,1,C4
e10_t24,e10_t25,0.0667,1,C4
e10_t24,e10_t30,0.0667,6,C4
e10_t25,e10_t29,0.0667,4,C4
e10_t29,e10_t30,0.0667,1,C4
e10_t62,e10_t72,0.0667,10,C4
e10_t70,e10_t71,0.0667,1,C4
e10_t71,e10_t72,0.0667,1,C4
e10_t120,e10_t121,0.0667,1,C4
e10_t120,e10_t140,0.0667,20,C4
e10_t120,e10_t141,0.0667,21,C4
e10_t121,e10_t122,0.0667,1,C4
e10_t121,e10_t136,0.0667,15,C4
e10_t214,e10_t215,0.0667,1,C4
e10_t40,e10_t41,0.0667,1,C4
e10_t85,e10_t94,0.0667,9,C4
e10_t87,e10_t93,0.0667,6,C4
e10_t94,e10_t95,0.0667,1,C4
e10_t103,e10_t104,0.0667,1,C4
e10_t104,e10_t105,0.0667,1,C4
e10_t105,e10_t106,0.0667,1,C4
e10_t105,e10_t117,0.0667,12,C4
e10_t175,e10_t189,0.0667,14,C4
e10_t177,e10_t188,0.0667,11,C4
e10_t187,e10_t188,0.0667,1,C4
e10_t188,e10_t189,0.0667,1,C4
e10_t189,e10_t190,0.0667,1,C4
e10_t198,e10_t199,0.0667,1,C4
e10_t199,e10_t200,0.0667,1,C4
e10_t200,e10_t201,0.0667,1,C4
e10_t200,e10_t207,0.0667,7,C4
e10_t201,e10_t202,0.0667,1,C4
e10_t201,e10_t205,0.0667,4,C4
e10_t209,e10_t210,0.0667,1,C4
e10_t210,e10_t211,0.0667,1,C4
e10_t229,e10_t230,0.0667,1,C4
e10_t230,e10_t231,0.0667,1,C4
e10_t251,e10_t252,0.0667,1,C4
e10_t252,e10_t253,0.0667,1,C4
e10_t8,e10_t9,0.0667,1,C4
e10_t8,e10_t19,0.0667,11,C4
e10_t9,e10_t10,0.0667,1,C4
e10_t9,e10_t16,0.0667,7,C4
e10_t135,e10_t156,0.0667,21,C4
e11_t7,e11_t8,0.2,1,T8
e11_t27,e11_t28,0.1333,1,T8
e11_t91,e11_t92,0.2667,1,T8
e11_t135,e11_t136,0.1333,1,T8
e11_t149,e11_t150,0.0667,1,T8
e11_t155,e11_t156,0.3333,1,T8
e11_t155,e11_t181,0.0667,26,T8
e11_t156,e11_t157,0.2667,1,T8
e11_t165,e11_t176,0.0667,11,T8
e11_t175,e11_t176,0.0667,1,T8
e11_t183,e11_t217,0.0667,34,T8
e11_t215,e11_t216,0.0667,1,T8
e11_t216,e11_t217,0.0667,1,T8
e11_t235,e11_t236,0.2,1,T8
e11_t236,e11_t237,0.0667,1,T8
e11_t97,e11_t98,0.2667,1,T8
e11_t104,e11_t105,0.1333,1,T8
e11_t155,e11_t176,0.0667,21,T8
e11_t222,e11_t223,0.3333,1,T8
e11_t8,e11_t9,0.2,1,T8
e11_t30,e11_t31,0.1333,1,T8
e11_t138,e11_t139,0.0667,1,T8
e11_t151,e11_t152,0.1333,1,T8
e11_t152,e11_t153,0.1333,1,T8
e11_t155,e11_t160,0.0667,5,T8
e11_t199,e11_t206,0.0667,7,T8
e11_t205,e11_t206,0.1333,1,T8
e11_t9,e11_t10,0.0667,1,T8
e11_t12,e11_t13,0.1333,1,T8
e11_t13,e11_t14,0.0667,1,T8
e11_t26,e11_t41,0.0667,15,T8
e11_t27,e11_t38,0.0667,11,T8
e11_t39,e11_t40,0.2,1,T8
e11_t40,e11_t41,0.1333,1,T8
e11_t41,e11_t42,0.0667,1,T8
e11_t85,e11_t86,0.2,1,T8
e11_t212,e11_t213,0.0667,1,T8
e11_t212,e11_t225,0.0667,13,T8
e11_t213,e11_t214,0.0667,1,T8
e11_t214,e11_t215,0.0667,1,T8
e11_t216,e11_t223,0.0667,7,T8
e11_t221,e11_t222,0.2667,1,T8
e11_t223,e11_t224,0.2,1,T8
e11_t251,e11_t252,0.0667,1,T8
e11_t16,e11_t17,0.0667,1,T8
e11_t17,e11_t18,0.0667,1,T8
e11_t21,e11_t22,0.0667,1,T8
e11_t25,e11_t26,0.1333,1,T8
e11_t26,e11_t27,0.0667,1,T8
e11_t29,e11_t30,0.0667,1,T8
e11_t31,e11_t32,0.0667,1,T8
e11_t36,e11_t68,0.0667,32,T8
e11_t42,e11_t43,0.0667,1,T8
e11_t42,e11_t49,0.0667,7,T8
e11_t43,e11_t44,0.1333,1,T8
e11_t43,e11_t48,0.0667,5,T8
e11_t46,e11_t47,0.0667,1,T8
e11_t47,e11_t48,0.0667,1,T8
e11_t48,e11_t49,0.1333,1,T8
e11_t49,e11_t50,0.1333,1,T8
e11_t55,e11_t67,0.0667,12,T8
e11_t56,e11_t67,0.0667,11,T8
e11_t58,e11_t59,0.0667,1,T8
e11_t58,e11_t66,0.0667,8,T8
e11_t64,e11_t65,0.1333,1,T8
e11_t65,e11_t66,0.1333,1,T8
e11_t66,e11_t67,0.0667,1,T8
e11_t67,e11_t68,0.0667,1,T8
e11_t68,e11_t69,0.0667,1,T8
e11_t74,e11_t75,0.1333,1,T8
e11_t74,e11_t88,0.1333,14,T8
e11_t75,e11_t76,0.1333,1,T8
e11_t76,e11_t77,0.0667,1,T8
e11_t76,e11_t88,0.0667,12,T8
e11_t77,e11_t87,0.0667,10,T8
e11_t79,e11_t86,0.0667,7,T8
e11_t80,e11_t81,0.1333,1,T8
e11_t84,e11_t85,0.1333,1,T8
e11_t86,e11_t87,0.1333,1,T8
e11_t87,e11_t88,0.1333,1,T8
e11_t88,e11_t89,0.1333,1,T8
e11_t89,e11_t90,0.0667,1,T8
e11_t98,e11_t99,0.1333,1,T8
e11_t98,e11_t106,0.0667,8,T8
e11_t99,e11_t105,0.0667,6,T8
e11_t105,e11_t106,0.1333,1,T8
e11_t106,e11_t107,0.1333,1,T8
e11_t111,e11_t127,0.0667,16,T8
e11_t112,e11_t127,0.0667,15,T8
e11_t113,e11_t114,0.1333,1,T8
e11_t114,e11_t115,0.1333,1,T8
e11_t114,e11_t126,0.0667,12,T8
e11_t115,e11_t116,0.1333,1,T8
e11_t115,e11_t124,0.0667,9,T8
e11_t116,e11_t117,0.1333,1,T8
e11_t116,e11_t122,0.0667,6,T8
e11_t117,e11_t118,0.1333,1,T8
e11_t123,e11_t124,0.1333,1,T8
e11_t124,e11_t125,0.2,1,T8
e11_t125,e11_t126,0.0667,1,T8
e11_t126,e11_t127,0.0667,1,T8
e11_t153,e11_t154,0.1333,1,T8
e11_t154,e11_t155,0.0667,1,T8
e11_t154,e11_t184,0.0667,30,T8
e11_t155,e11_t165,0.0667,10,T8
e11_t155,e11_t166,0.0667,11,T8
e11_t155,e11_t167,0.0667,12,T8
e11_t155,e11_t168,0.0667,13,T8
e11_t155,e11_t169,0.0667,14,T8
e11_t156,e11_t161,0.0667,5,T8
e11_t188,e11_t224,0.0667,36,T8
e11_t200,e11_t201,0.0667,1,T8
e11_t224,e11_t225,0.0667,1,T8
e11_t75,e11_t87,0.0667,12,T8
e11_t99,e11_t100,0.0667,1,T8
e11_t99,e11_t110,0.0667,11,T8
e11_t100,e11_t101,0.1333,1,T8
e11_t101,e11_t102,0.0667,1,T8
e11_t156,e11_t168,0.0667,12,T8
e11_t205,e11_t224,0.0667,19,T8
e11_t208,e11_t209,0.0667,1,T8
e11_t209,e11_t222,0.1333,13,T8
e11_t249,e11_t250,0.0667,1,T8
e11_t250,e11_t251,0.0667,1,T8
e11_t11,e11_t25,0.0667,14,T8
e11_t24,e11_t25,0.0667,1,T8
e11_t28,e11_t29,0.0667,1,T8
e11_t58,e11_t79,0.0667,21,T8
e11_t72,e11_t73,0.1333,1,T8
e11_t73,e11_t74,0.0667,1,T8
e11_t78,e11_t79,0.1333,1,T8
e11_t105,e11_t114,0.0667,9,T8
e11_t122,e11_t123,0.0667,1,T8
e11_t124,e11_t135,0.0667,11,T8
e11_t141,e11_t154,0.0667,13,T8
e11_t164,e11_t165,0.0667,1,T8
e11_t168,e11_t169,0.1333,1,T8
e11_t181,e11_t182,0.0667,1,T8
e11_t182,e11_t183,0.0667,1,T8
e11_t190,e11_t191,0.0667,1,T8
e11_t191,e11_t192,0.0667,1,T8
e11_t203,e11_t204,0.0667,1,T8
e11_t204,e11_t205,0.0667,1,T8
e11_t222,e11_t233,0.0667,11,T8
e11_t231,e11_t232,0.1333,1,T8
e11_t232,e11_t233,0.1333,1,T8
e11_t244,e11_t245,0.0667,1,T8
e11_t245,e11_t246,0.0667,1,T8
e11_t253,e11_t254,0.0667,1,T8
e11_t254,e11_t255,0.2667,1,T8
e11_t82,e11_t169,0.0667,87,T8
e11_t83,e11_t84,0.1333,1,T8
e11_t84,e11_t99,0.0667,15,T8
e11_t96,e11_t97,0.0667,1,T8
e11_t106,e11_t118,0.0667,12,T8
e11_t107,e11_t108,0.1333,1,T8
e11_t107,e11_t115,0.0667,8,T8
e11_t119,e11_t120,0.0667,1,T8
e11_t120,e11_t121,0.0667,1,T8
e11_t167,e11_t168,0.0667,1,T8
e11_t184,e11_t185,0.0667,1,T8
e11_t217,e11_t218,0.0667,1,T8
e11_t218,e11_t219,0.0667,1,T8
e11_t219,e11_t220,0.0667,1,T8
e11_t219,e11_t233,0.0667,14,T8
e11_t220,e11_t221,0.0667,1,T8
e11_t220,e11_t231,0.0667,11,T8
e11_t221,e11_t230,0.0667,9,T8
e11_t230,e11_t231,0.0667,1,T8
e11_t239,e11_t240,0.0667,1,T8
e11_t240,e11_t241,0.0667,1,T8
e11_t2,e11_t41,0.0667,39,T8
e11_t3,e11_t41,0.0667,38,T8
e11_t4,e11_t41,0.0667,37,T8
e11_t10,e11_t40,0.0667,30,T8
e11_t11,e11_t40,0.0667,29,T8
e11_t38,e11_t39,0.0667,1,T8
e11_t49,e11_t63,0.0667,14,T8
e11_t50,e11_t51,0.0667,1,T8
e11_t52,e11_t61,0.0667,9,T8
e11_t60,e11_t61,0.0667,1,T8
e11_t61,e11_t62,0.0667,1,T8
e11_t62,e11_t63,0.0667,1,T8
e11_t63,e11_t64,0.0667,1,T8
e11_t79,e11_t80,0.0667,1,T8
e11_t81,e11_t82,0.0667,1,T8
e11_t82,e11_t83,0.0667,1,T8
e11_t90,e11_t91,0.0667,1,T8
e11_t92,e11_t93,0.0667,1,T8
e11_t93,e11_t94,0.0667,1,T8
e11_t94,e11_t95,0.0667,1,T8
e11_t94,e11_t105,0.0667,11,T8
e11_t94,e11_t106,0.0667,12,T8
e11_t95,e11_t96,0.0667,1,T8
e11_t103,e11_t104,0.0667,1,T8
e11_t117,e11_t123,0.0667,6,T8
e11_t118,e11_t119,0.0667,1,T8
e11_t134,e11_t135,0.0667,1,T8
e11_t135,e11_t221,0.0667,86,T8
e11_t147,e11_t161,0.0667,14,T8
e11_t152,e11_t159,0.0667,7,T8
e11_t158,e11_t159,0.0667,1,T8
e11_t159,e11_t160,0.0667,1,T8
e11_t160,e11_t161,0.0667,1,T8
e11_t161,e11_t162,0.0667,1,T8
e11_t228,e11_t229,0.0667,1,T8
e11_t241,e11_t242,0.0667,1,T8
e11_t45,e11_t46,0.0667,1,T8
e11_t112,e11_t113,0.0667,1,T8
e15_t29,e15_t30,0.1333,1,P4
e15_t92,e15_t93,0.0667,1,P4
e15_t93,e15_t94,0.0667,1,P4
e15_t106,e15_t107,0.0667,1,P4
e15_t116,e15_t117,0.0667,1,P4
e15_t201,e15_t202,0.2667,1,P4
e15_t145,e15_t175,0.0667,30,P4
e15_t174,e15_t175,0.0667,1,P4
e15_t175,e15_t176,0.0667,1,P4
e15_t185,e15_t186,0.2,1,P4
e15_t90,e15_t91,0.0667,1,P4
e15_t137,e15_t138,0.1333,1,P4
e15_t169,e15_t170,0.0667,1,P4
e15_t169,e15_t200,0.0667,31,P4
e15_t170,e15_t171,0.0667,1,P4
e15_t6,e15_t7,0.0667,1,P4
e15_t12,e15_t13,0.0667,1,P4
e15_t202,e15_t222,0.0667,20,P4
e15_t220,e15_t221,0.0667,1,P4
e15_t221,e15_t222,0.0667,1,P4
e15_t222,e15_t223,0.0667,1,P4
e15_t248,e15_t249,0.0667,1,P4
e15_t249,e15_t250,0.0667,1,P4
e15_t137,e15_t142,0.0667,5,P4
e15_t180,e15_t190,0.0667,10,P4
e15_t188,e15_t189,0.1333,1,P4
e15_t189,e15_t190,0.1333,1,P4
e15_t200,e15_t201,0.1333,1,P4
e15_t201,e15_t205,0.0667,4,P4
e15_t217,e15_t218,0.0667,1,P4
e15_t218,e15_t219,0.0667,1,P4
e15_t3,e15_t30,0.0667,27,P4
e15_t30,e15_t31,0.0667,1,P4
e15_t41,e15_t42,0.0667,1,P4
e15_t41,e15_t127,0.0667,86,P4
e15_t42,e15_t43,0.0667,1,P4
e15_t42,e15_t54,0.0667,12,P4
e15_t42,e15_t55,0.0667,13,P4
e15_t43,e15_t44,0.0667,1,P4
e15_t57,e15_t58,0.0667,1,P4
e15_t57,e15_t65,0.0667,8,P4
e15_t120,e15_t121,0.0667,1,P4
e15_t121,e15_t122,0.0667,1,P4
e15_t121,e15_t126,0.0667,5,P4
e15_t136,e15_t142,0.0667,6,P4
e15_t141,e15_t142,0.1333,1,P4
e15_t142,e15_t143,0.0667,1,P4
e15_t72,e15_t73,0.0667,1,P4
e15_t76,e15_t77,0.0667,1,P4
e15_t77,e15_t78,0.0667,1,P4
e15_t140,e15_t141,0.0667,1,P4
e15_t201,e15_t206,0.0667,5,P4
e15_t240,e15_t241,0.0667,1,P4
e15_t245,e15_t254,0.0667,9,P4
e15_t253,e15_t254,0.0667,1,P4
e15_t254,e15_t255,0.0667,1,P4
e15_t50,e15_t62,0.0667,12,P4
e15_t57,e15_t61,0.0667,4,P4
e15_t60,e15_t61,0.0667,1,P4
e15_t61,e15_t62,0.0667,1,P4
e15_t62,e15_t63,0.0667,1,P4
e15_t183,e15_t184,0.0667,1,P4
e15_t184,e15_t185,0.0667,1,P4
e15_t184,e15_t215,0.0667,31,P4
e16_t25,e16_t26,0.2,1,P8
e16_t45,e16_t46,0.1333,1,P8
e16_t45,e16_t164,0.0667,119,P8
e16_t46,e16_t47,0.1333,1,P8
e16_t97,e16_t149,0.0667,52,P8
e16_t100,e16_t148,0.0667,48,P8
e16_t117,e16_t147,0.0667,30,P8
e16_t118,e16_t147,0.0667,29,P8
e16_t146,e16_t147,0.2,1,P8
e16_t147,e16_t148,0.1333,1,P8
e16_t148,e16_t149,0.0667,1,P8
e16_t174,e16_t187,0.0667,13,P8
e16_t177,e16_t186,0.0667,9,P8
e16_t185,e16_t186,0.0667,1,P8
e16_t186,e16_t187,0.0667,1,P8
e16_t29,e16_t59,0.0667,30,P8
e16_t56,e16_t57,0.2,1,P8
e16_t57,e16_t58,0.1333,1,P8
e16_t58,e16_t59,0.1333,1,P8
e16_t220,e16_t221,0.2667,1,P8
e16_t221,e16_t222,0.2,1,P8
e16_t221,e16_t233,0.1333,12,P8
e16_t222,e16_t223,0.2,1,P8
e16_t240,e16_t241,0.2,1,P8
e16_t241,e16_t242,0.2,1,P8
e16_t242,e16_t243,0.1333,1,P8
e16_t242,e16_t254,0.0667,12,P8
e16_t243,e16_t244,0.1333,1,P8
e16_t244,e16_t245,0.1333,1,P8
e16_t252,e16_t253,0.2667,1,P8
e16_t253,e16_t254,0.2667,1,P8
e16_t27,e16_t28,0.1333,1,P8
e16_t28,e16_t29,0.1333,1,P8
e16_t35,e16_t36,0.0667,1,P8
e16_t44,e16_t45,0.0667,1,P8
e16_t45,e16_t56,0.0667,11,P8
e16_t205,e16_t206,0.2,1,P8
e16_t206,e16_t207,0.2,1,P8
e16_t137,e16_t138,0.1333,1,P8
e16_t138,e16_t139,0.1333,1,P8
e16_t174,e16_t175,0.0667,1,P8
e16_t124,e16_t125,0.2,1,P8
e16_t125,e16_t126,0.2667,1,P8
e16_t126,e16_t127,0.2,1,P8
e16_t181,e16_t212,0.0667,31,P8
e16_t198,e16_t211,0.0667,13,P8
e16_t204,e16_t209,0.0667,5,P8
e16_t208,e16_t209,0.2,1,P8
e16_t209,e16_t210,0.2,1,P8
e16_t210,e16_t211,0.1333,1,P8
e16_t211,e16_t212,0.0667,1,P8
e16_t212,e16_t213,0.0667,1,P8
e16_t218,e16_t219,0.2667,1,P8
e16_t219,e16_t220,0.2,1,P8
e16_t223,e16_t224,0.1333,1,P8
e16_t224,e16_t225,0.0667,1,P8
e16_t224,e16_t246,0.0667,22,P8
e16_t225,e16_t226,0.0667,1,P8
e16_t53,e16_t54,0.0667,1,P8
e16_t54,e16_t55,0.1333,1,P8
e16_t55,e16_t56,0.1333,1,P8
e16_t62,e16_t63,0.1333,1,P8
e16_t63,e16_t64,0.0667,1,P8
e16_t64,e16_t65,0.1333,1,P8
e16_t65,e16_t66,0.1333,1,P8
e16_t66,e16_t67,0.1333,1,P8
e16_t71,e16_t72,0.0667,1,P8
e16_t72,e16_t73,0.0667,1,P8
e16_t73,e16_t74,0.0667,1,P8
e16_t74,e16_t75,0.0667,1,P8
e16_t75,e16_t76,0.1333,1,P8
e16_t82,e16_t97,0.0667,15,P8
e16_t85,e16_t95,0.0667,10,P8
e16_t93,e16_t94,0.2,1,P8
e16_t94,e16_t95,0.2,1,P8
e16_t95,e16_t96,0.1333,1,P8
e16_t96,e16_t97,0.0667,1,P8
e16_t103,e16_t118,0.0667,15,P8
e16_t104,e16_t105,0.1333,1,P8
e16_t105,e16_t106,0.1333,1,P8
e16_t106,e16_t107,0.1333,1,P8
e16_t106,e16_t116,0.0667,10,P8
e16_t107,e16_t108,0.1333,1,P8
e16_t107,e16_t115,0.0667,8,P8
e16_t108,e16_t109,0.1333,1,P8
e16_t112,e16_t113,0.1333,1,P8
e16_t113,e16_t114,0.2,1,P8
e16_t114,e16_t115,0.2,1,P8
e16_t115,e16_t116,0.2,1,P8
e16_t116,e16_t117,0.1333,1,P8
e16_t117,e16_t118,0.0667,1,P8
e16_t118,e16_t119,0.0667,1,P8
e16_t126,e16_t137,0.0667,11,P8
e16_t127,e16_t128,0.0667,1,P8
e16_t127,e16_t136,0.0667,9,P8
e16_t134,e16_t135,0.2,1,P8
e16_t135,e16_t136,0.1333,1,P8
e16_t136,e16_t137,0.0667,1,P8
e16_t144,e16_t145,0.1333,1,P8
e16_t145,e16_t146,0.1333,1,P8
e16_t145,e16_t156,0.0667,11,P8
e16_t156,e16_t157,0.1333,1,P8
e16_t175,e16_t176,0.0667,1,P8
e16_t176,e16_t177,0.1333,1,P8
e16_t177,e16_t178,0.1333,1,P8
e16_t177,e16_t191,0.0667,14,P8
e16_t188,e16_t189,0.0667,1,P8
e16_t189,e16_t190,0.0667,1,P8
e16_t190,e16_t191,0.0667,1,P8
e16_t191,e16_t192,0.0667,1,P8
e16_t216,e16_t217,0.1333,1,P8
e16_t217,e16_t218,0.1333,1,P8
e16_t221,e16_t234,0.0667,13,P8
e16_t221,e16_t235,0.0667,14,P8
e16_t236,e16_t237,0.1333,1,P8
e16_t237,e16_t238,0.1333,1,P8
e16_t238,e16_t239,0.1333,1,P8
e16_t238,e16_t250,0.0667,12,P8
e16_t239,e16_t240,0.1333,1,P8
e16_t240,e16_t250,0.0667,10,P8
e16_t247,e16_t248,0.0667,1,P8
e16_t248,e16_t249,0.0667,1,P8
e16_t249,e16_t250,0.0667,1,P8
e16_t250,e16_t251,0.0667,1,P8
e16_t78,e16_t79,0.2,1,P8
e16_t13,e16_t14,0.0667,1,P8
e16_t14,e16_t15,0.0667,1,P8
e16_t15,e16_t16,0.0667,1,P8
e16_t16,e16_t17,0.0667,1,P8
e16_t24,e16_t25,0.0667,1,P8
e16_t24,e16_t57,0.0667,33,P8
e16_t25,e16_t56,0.0667,31,P8
e16_t26,e16_t27,0.1333,1,P8
e16_t109,e16_t110,0.1333,1,P8
e16_t109,e16_t124,0.0667,15,P8
e16_t110,e16_t111,0.1333,1,P8
e16_t110,e16_t122,0.0667,12,P8
e16_t111,e16_t112,0.1333,1,P8
e16_t131,e16_t132,0.0667,1,P8
e16_t132,e16_t133,0.2,1,P8
e16_t230,e16_t231,0.1333,1,P8
e16_t231,e16_t232,0.1333,1,P8
e16_t231,e16_t244,0.0667,13,P8
e16_t232,e16_t233,0.1333,1,P8
e16_t234,e16_t242,0.0667,8,P8
e16_t245,e16_t246,0.0667,1,P8
e16_t254,e16_t255,0.2,1,P8
e16_t9,e16_t10,0.0667,1,P8
e16_t10,e16_t11,0.0667,1,P8
e16_t41,e16_t66,0.0667,25,P8
e16_t44,e16_t65,0.0667,21,P8
e16_t92,e16_t107,0.0667,15,P8
e16_t93,e16_t105,0.0667,12,P8
e16_t95,e16_t105,0.0667,10,P8
e16_t103,e16_t104,0.1333,1,P8
e16_t113,e16_t127,0.0667,14,P8
e16_t114,e16_t126,0.0667,12,P8
e16_t118,e16_t124,0.0667,6,P8
e16_t123,e16_t124,0.1333,1,P8
e16_t133,e16_t134,0.1333,1,P8
e16_t138,e16_t145,0.0667,7,P8
e16_t157,e16_t158,0.0667,1,P8
e16_t157,e16_t170,0.0667,13,P8
e16_t203,e16_t221,0.0667,18,P8
e16_t207,e16_t208,0.1333,1,P8
e16_t207,e16_t219,0.0667,12,P8
e16_t209,e16_t215,0.0667,6,P8
e16_t215,e16_t216,0.0667,1,P8
e16_t227,e16_t228,0.0667,1,P8
e16_t228,e16_t229,0.0667,1,P8
e16_t228,e16_t247,0.0667,19,P8
e16_t229,e16_t230,0.0667,1,P8
e16_t229,e16_t244,0.0667,15,P8
e16_t230,e16_t242,0.0667,12,P8
e16_t231,e16_t240,0.0667,9,P8
e16_t232,e16_t239,0.0667,7,P8
e16_t233,e16_t234,0.0667,1,P8
e16_t251,e16_t252,0.0667,1,P8
e16_t2,e16_t3,0.0667,1,P8
e16_t3,e16_t4,0.0667,1,P8
e16_t4,e16_t5,0.0667,1,P8
e16_t5,e16_t6,0.0667,1,P8
e16_t6,e16_t7,0.0667,1,P8
e16_t7,e16_t8,0.1333,1,P8
e16_t8,e16_t9,0.1333,1,P8
e16_t13,e16_t50,0.0667,37,P8
e16_t14,e16_t50,0.0667,36,P8
e16_t15,e16_t50,0.0667,35,P8
e16_t29,e16_t49,0.0667,20,P8
e16_t36,e16_t48,0.0667,12,P8
e16_t38,e16_t39,0.0667,1,P8
e16_t39,e16_t40,0.0667,1,P8
e16_t47,e16_t48,0.0667,1,P8
e16_t48,e16_t49,0.0667,1,P8
e16_t49,e16_t50,0.0667,1,P8
e16_t50,e16_t51,0.0667,1,P8
e16_t57,e16_t115,0.0667,58,P8
e16_t58,e16_t114,0.0667,56,P8
e16_t59,e16_t60,0.0667,1,P8
e16_t59,e16_t74,0.0667,15,P8
e16_t59,e16_t75,0.0667,16,P8
e16_t59,e16_t96,0.0667,37,P8
e16_t60,e16_t61,0.0667,1,P8
e16_t60,e16_t71,0.0667,11,P8
e16_t61,e16_t62,0.0667,1,P8
e16_t61,e16_t69,0.0667,8,P8
e16_t68,e16_t69,0.0667,1,P8
e16_t69,e16_t70,0.0667,1,P8
e16_t76,e16_t77,0.0667,1,P8
e16_t77,e16_t78,0.0667,1,P8
e16_t77,e16_t93,0.0667,16,P8
e16_t78,e16_t92,0.0667,14,P8
e16_t79,e16_t80,0.1333,1,P8
e16_t80,e16_t81,0.1333,1,P8
e16_t80,e16_t91,0.0667,11,P8
e16_t81,e16_t82,0.0667,1,P8
e16_t81,e16_t90,0.0667,9,P8
e16_t82,e16_t83,0.0667,1,P8
e16_t82,e16_t89,0.0667,7,P8
e16_t88,e16_t89,0.0667,1,P8
e16_t89,e16_t90,0.0667,1,P8
e16_t90,e16_t91,0.0667,1,P8
e16_t91,e16_t92,0.0667,1,P8
e16_t92,e16_t93,0.0667,1,P8
e16_t97,e16_t114,0.0667,17,P8
e16_t98,e16_t114,0.0667,16,P8
e16_t99,e16_t100,0.0667,1,P8
e16_t99,e16_t112,0.0667,13,P8
e16_t100,e16_t101,0.0667,1,P8
e16_t101,e16_t102,0.0667,1,P8
e16_t101,e16_t112,0.0667,11,P8
e16_t102,e16_t103,0.0667,1,P8
e16_t102,e16_t109,0.0667,7,P8
e16_t102,e16_t111,0.0667,9,P8
e16_t139,e16_t140,0.0667,1,P8
e16_t140,e16_t141,0.0667,1,P8
e16_t140,e16_t167,0.0667,27,P8
e16_t141,e16_t142,0.0667,1,P8
e16_t141,e16_t155,0.0667,14,P8
e16_t142,e16_t143,0.0667,1,P8
e16_t143,e16_t144,0.0667,1,P8
e16_t152,e16_t153,0.0667,1,P8
e16_t153,e16_t154,0.0667,1,P8
e16_t154,e16_t155,0.0667,1,P8
e16_t168,e16_t169,0.0667,1,P8
e16_t169,e16_t170,0.0667,1,P8
e16_t170,e16_t171,0.0667,1,P8
e16_t178,e16_t179,0.0667,1,P8
e16_t179,e16_t180,0.0667,1,P8
e16_t181,e16_t207,0.0667,26,P8
e16_t235,e16_t236,0.0667,1,P8
e16_t34,e16_t43,0.0667,9,P8
e16_t42,e16_t43,0.0667,1,P8
e16_t86,e16_t87,0.0667,1,P8
e17_t18,e17_t19,0.2667,1,O1
e17_t19,e17_t20,0.1333,1,O1
e17_t20,e17_t21,0.0667,1,O1
e17_t21,e17_t22,0.0667,1,O1
e17_t22,e17_t23,0.1333,1,O1
e17_t23,e17_t24,0.2,1,O1
e17_t23,e17_t37,0.0667,14,O1
e17_t24,e17_t25,0.2,1,O1
e17_t24,e17_t31,0.0667,7,O1
e17_t24,e17_t32,0.0667,8,O1
e17_t24,e17_t33,0.0667,9,O1
e17_t25,e17_t26,0.2,1,O1
e17_t125,e17_t126,0.1333,1,O1
e17_t158,e17_t159,0.0667,1,O1
e17_t159,e17_t160,0.0667,1,O1
e17_t165,e17_t166,0.2,1,O1
e17_t172,e17_t173,0.2,1,O1
e17_t173,e17_t174,0.1333,1,O1
e17_t175,e17_t184,0.0667,9,O1
e17_t177,e17_t178,0.2,1,O1
e17_t177,e17_t183,0.0667,6,O1
e17_t178,e17_t179,0.2,1,O1
e17_t179,e17_t182,0.0667,3,O1
e17_t181,e17_t182,0.1333,1,O1
e17_t182,e17_t183,0.0667,1,O1
e17_t183,e17_t184,0.0667,1,O1
e17_t184,e17_t185,0.0667,1,O1
e17_t189,e17_t190,0.1333,1,O1
e17_t189,e17_t226,0.0667,37,O1
e17_t190,e17_t191,0.1333,1,O1
e17_t190,e17_t224,0.0667,34,O1
e17_t191,e17_t192,0.1333,1,O1
e17_t191,e17_t205,0.0667,14,O1
e17_t192,e17_t193,0.2,1,O1
e17_t192,e17_t204,0.0667,12,O1
e17_t193,e17_t194,0.2,1,O1
e17_t194,e17_t195,0.1333,1,O1
e17_t194,e17_t204,0.0667,10,O1
e17_t195,e17_t196,0.1333,1,O1
e17_t196,e17_t203,0.0667,7,O1
e17_t201,e17_t202,0.1333,1,O1
e17_t202,e17_t203,0.1333,1,O1
e17_t203,e17_t204,0.2,1,O1
e17_t204,e17_t205,0.2,1,O1
e17_t205,e17_t206,0.2,1,O1
e17_t211,e17_t224,0.0667,13,O1
e17_t212,e17_t224,0.0667,12,O1
e17_t214,e17_t215,0.1333,1,O1
e17_t214,e17_t223,0.0667,9,O1
e17_t215,e17_t216,0.1333,1,O1
e17_t215,e17_t223,0.0667,8,O1
e17_t216,e17_t217,0.0667,1,O1
e17_t216,e17_t222,0.0667,6,O1
e17_t217,e17_t218,0.0667,1,O1
e17_t220,e17_t221,0.2,1,O1
e17_t221,e17_t222,0.2,1,O1
e17_t222,e17_t223,0.2,1,O1
e17_t223,e17_t224,0.1333,1,O1
e17_t224,e17_t225,0.1333,1,O1
e17_t225,e17_t226,0.1333,1,O1
e17_t230,e17_t231,0.1333,1,O1
e17_t231,e17_t232,0.1333,1,O1
e17_t231,e17_t244,0.0667,13,O1
e17_t232,e17_t233,0.1333,1,O1
e17_t232,e17_t242,0.0667,10,O1
e17_t233,e17_t234,0.1333,1,O1
e17_t234,e17_t235,0.1333,1,O1
e17_t234,e17_t242,0.0667,8,O1
e17_t235,e17_t236,0.1333,1,O1
e17_t236,e17_t241,0.0667,5,O1
e17_t239,e17_t240,0.1333,1,O1
e17_t240,e17_t241,0.1333,1,O1
e17_t241,e17_t242,0.1333,1,O1
e17_t242,e17_t243,0.1333,1,O1
e17_t243,e17_t244,0.1333,1,O1
e17_t244,e17_t245,0.1333,1,O1
e17_t248,e17_t249,0.0667,1,O1
e17_t249,e17_t250,0.2,1,O1
e17_t250,e17_t251,0.2,1,O1
e17_t251,e17_t252,0.2,1,O1
e17_t252,e17_t253,0.2,1,O1
e17_t253,e17_t254,0.1333,1,O1
e17_t254,e17_t255,0.1333,1,O1
e17_t5,e17_t6,0.2,1,O1
e17_t6,e17_t7,0.2,1,O1
e17_t26,e17_t27,0.1333,1,O1
e17_t32,e17_t33,0.0667,1,O1
e17_t33,e17_t45,0.0667,12,O1
e17_t42,e17_t43,0.1333,1,O1
e17_t43,e17_t44,0.1333,1,O1
e17_t44,e17_t45,0.1333,1,O1
e17_t45,e17_t46,0.1333,1,O1
e17_t50,e17_t51,0.0667,1,O1
e17_t50,e17_t147,0.0667,97,O1
e17_t51,e17_t52,0.0667,1,O1
e17_t51,e17_t65,0.0667,14,O1
e17_t87,e17_t102,0.0667,15,O1
e17_t89,e17_t101,0.0667,12,O1
e17_t92,e17_t100,0.0667,8,O1
e17_t99,e17_t100,0.1333,1,O1
e17_t100,e17_t101,0.0667,1,O1
e17_t101,e17_t102,0.1333,1,O1
e17_t72,e17_t73,0.0667,1,O1
e17_t20,e17_t28,0.0667,8,O1
e17_t27,e17_t28,0.1333,1,O1
e17_t28,e17_t29,0.0667,1,O1
e17_t29,e17_t30,0.0667,1,O1
e17_t79,e17_t80,0.0667,1,O1
e17_t79,e17_t94,0.0667,15,O1
e17_t80,e17_t81,0.0667,1,O1
e17_t81,e17_t82,0.0667,1,O1
e17_t81,e17_t94,0.0667,13,O1
e17_t82,e17_t83,0.1333,1,O1
e17_t82,e17_t93,0.0667,11,O1
e17_t84,e17_t92,0.0667,8,O1
e17_t90,e17_t91,0.0667,1,O1
e17_t91,e17_t92,0.0667,1,O1
e17_t92,e17_t93,0.1333,1,O1
e17_t93,e17_t94,0.1333,1,O1
e17_t94,e17_t95,0.2,1,O1
e17_t102,e17_t103,0.0667,1,O1
e17_t197,e17_t198,0.2,1,O1
e17_t95,e17_t96,0.1333,1,O1
e17_t96,e17_t97,0.0667,1,O1
e17_t96,e17_t109,0.0667,13,O1
e17_t97,e17_t98,0.0667,1,O1
e17_t97,e17_t107,0.0667,10,O1
e17_t98,e17_t99,0.0667,1,O1
e17_t98,e17_t104,0.0667,6,O1
e17_t149,e17_t206,0.0667,57,O1
e17_t150,e17_t151,0.1333,1,O1
e17_t151,e17_t152,0.0667,1,O1
e17_t152,e17_t153,0.0667,1,O1
e17_t153,e17_t154,0.0667,1,O1
e17_t153,e17_t199,0.0667,46,O1
e17_t154,e17_t155,0.0667,1,O1
e17_t155,e17_t199,0.0667,44,O1
e17_t160,e17_t198,0.0667,38,O1
e17_t165,e17_t197,0.0667,32,O1
e17_t196,e17_t197,0.0667,1,O1
e17_t198,e17_t199,0.1333,1,O1
e17_t199,e17_t200,0.1333,1,O1
e17_t209,e17_t210,0.1333,1,O1
e17_t210,e17_t221,0.0667,11,O1
e17_t212,e17_t220,0.0667,8,O1
e17_t219,e17_t220,0.1333,1,O1
e17_t7,e17_t8,0.1333,1,O1
e17_t11,e17_t12,0.0667,1,O1
e17_t12,e17_t13,0.0667,1,O1
e17_t12,e17_t50,0.0667,38,O1
e17_t12,e17_t51,0.0667,39,O1
e17_t13,e17_t14,0.1333,1,O1
e17_t13,e17_t47,0.0667,34,O1
e17_t14,e17_t15,0.1333,1,O1
e17_t14,e17_t28,0.0667,14,O1
e17_t14,e17_t29,0.0667,15,O1
e17_t14,e17_t30,0.0667,16,O1
e17_t14,e17_t46,0.0667,32,O1
e17_t15,e17_t16,0.1333,1,O1
e17_t15,e17_t27,0.0667,12,O1
e17_t16,e17_t17,0.1333,1,O1
e17_t16,e17_t27,0.0667,11,O1
e17_t17,e17_t18,0.1333,1,O1
e17_t17,e17_t26,0.0667,9,O1
e17_t18,e17_t25,0.0667,7,O1
e17_t20,e17_t24,0.0667,4,O1
e17_t32,e17_t46,0.0667,14,O1
e17_t33,e17_t34,0.0667,1,O1
e17_t33,e17_t46,0.0667,13,O1
e17_t34,e17_t35,0.0667,1,O1
e17_t34,e17_t44,0.0667,10,O1
e17_t35,e17_t36,0.0667,1,O1
e17_t36,e17_t37,0.0667,1,O1
e17_t36,e17_t44,0.0667,8,O1
e17_t46,e17_t47,0.0667,1,O1
e17_t47,e17_t48,0.0667,1,O1
e17_t53,e17_t54,0.0667,1,O1
e17_t53,e17_t71,0.0667,18,O1
e17_t53,e17_t72,0.0667,19,O1
e17_t54,e17_t55,0.0667,1,O1
e17_t54,e17_t69,0.0667,15,O1
e17_t55,e17_t56,0.0667,1,O1
e17_t55,e17_t67,0.0667,12,O1
e17_t56,e17_t57,0.1333,1,O1
e17_t56,e17_t66,0.0667,10,O1
e17_t57,e17_t58,0.1333,1,O1
e17_t58,e17_t59,0.1333,1,O1
e17_t58,e17_t65,0.0667,7,O1
e17_t59,e17_t60,0.1333,1,O1
e17_t63,e17_t64,0.0667,1,O1
e17_t64,e17_t65,0.0667,1,O1
e17_t65,e17_t66,0.0667,1,O1
e17_t66,e17_t67,0.0667,1,O1
e17_t67,e17_t68,0.0667,1,O1
e17_t68,e17_t69,0.0667,1,O1
e17_t69,e17_t70,0.0667,1,O1
e17_t73,e17_t74,0.0667,1,O1
e17_t73,e17_t87,0.0667,14,O1
e17_t74,e17_t75,0.0667,1,O1
e17_t75,e17_t76,0.0667,1,O1
e17_t76,e17_t77,0.0667,1,O1
e17_t83,e17_t84,0.0667,1,O1
e17_t84,e17_t85,0.0667,1,O1
e17_t151,e17_t165,0.0667,14,O1
e17_t164,e17_t165,0.1333,1,O1
e17_t170,e17_t171,0.2,1,O1
e17_t171,e17_t172,0.1333,1,O1
e17_t176,e17_t177,0.1333,1,O1
e17_t179,e17_t180,0.1333,1,O1
e17_t180,e17_t181,0.1333,1,O1
e17_t16,e17_t49,0.0667,33,O1
e17_t17,e17_t47,0.0667,30,O1
e17_t125,e17_t135,0.0667,10,O1
e17_t133,e17_t134,0.0667,1,O1
e17_t134,e17_t135,0.0667,1,O1
e17_t135,e17_t136,0.0667,1,O1
e17_t178,e17_t195,0.0667,17,O1
e17_t40,e17_t41,0.0667,1,O1
e17_t85,e17_t86,0.0667,1,O1
e17_t86,e17_t87,0.0667,1,O1
e17_t87,e17_t88,0.0667,1,O1
e17_t87,e17_t92,0.0667,5,O1
e17_t104,e17_t105,0.0667,1,O1
e17_t105,e17_t106,0.0667,1,O1
e17_t106,e17_t107,0.0667,1,O1
e17_t106,e17_t117,0.0667,11,O1
e17_t107,e17_t108,0.0667,1,O1
e17_t108,e17_t109,0.0667,1,O1
e17_t108,e17_t117,0.0667,9,O1
e17_t109,e17_t110,0.0667,1,O1
e17_t109,e17_t116,0.0667,7,O1
e17_t110,e17_t111,0.0667,1,O1
e17_t113,e17_t114,0.1333,1,O1
e17_t114,e17_t115,0.1333,1,O1
e17_t115,e17_t116,0.0667,1,O1
e17_t116,e17_t117,0.0667,1,O1
e17_t117,e17_t118,0.0667,1,O1
e17_t118,e17_t119,0.0667,1,O1
e17_t119,e17_t120,0.1333,1,O1
e17_t124,e17_t125,0.0667,1,O1
e17_t124,e17_t192,0.0667,68,O1
e17_t178,e17_t191,0.0667,13,O1
e17_t179,e17_t190,0.0667,11,O1
e17_t181,e17_t189,0.0667,8,O1
e17_t186,e17_t187,0.0667,1,O1
e17_t187,e17_t188,0.0667,1,O1
e17_t188,e17_t189,0.0667,1,O1
e17_t197,e17_t215,0.0667,18,O1
e17_t198,e17_t214,0.0667,16,O1
e17_t199,e17_t213,0.0667,14,O1
e17_t200,e17_t201,0.0667,1,O1
e17_t200,e17_t212,0.0667,12,O1
e17_t201,e17_t211,0.0667,10,O1
e17_t202,e17_t210,0.0667,8,O1
e17_t204,e17_t210,0.0667,6,O1
e17_t205,e17_t209,0.0667,4,O1
e17_t208,e17_t209,0.1333,1,O1
e17_t210,e17_t211,0.0667,1,O1
e17_t211,e17_t212,0.0667,1,O1
e17_t212,e17_t213,0.0667,1,O1
e17_t213,e17_t214,0.0667,1,O1
e17_t218,e17_t219,0.0667,1,O1
e17_t219,e17_t236,0.0667,17,O1
e17_t219,e17_t255,0.0667,36,O1
e17_t221,e17_t233,0.0667,12,O1
e17_t221,e17_t235,0.0667,14,O1
e17_t222,e17_t232,0.0667,10,O1
e17_t223,e17_t231,0.0667,8,O1
e17_t223,e17_t232,0.0667,9,O1
e17_t224,e17_t231,0.0667,7,O1
e17_t225,e17_t230,0.0667,5,O1
e17_t228,e17_t229,0.0667,1,O1
e17_t229,e17_t230,0.0667,1,O1
e17_t238,e17_t239,0.0667,1,O1
e17_t239,e17_t253,0.0667,14,O1
e17_t239,e17_t254,0.0667,15,O1
e17_t241,e17_t253,0.0667,12,O1
e17_t242,e17_t253,0.0667,11,O1
e17_t244,e17_t252,0.0667,8,O1
e17_t245,e17_t246,0.0667,1,O1
e17_t245,e17_t251,0.0667,6,O1
e17_t3,e17_t4,0.0667,1,O1
e17_t4,e17_t5,0.0667,1,O1
e17_t5,e17_t62,0.0667,57,O1
e17_t5,e17_t63,0.0667,58,O1
e17_t6,e17_t60,0.0667,54,O1
e17_t7,e17_t58,0.0667,51,O1
e17_t8,e17_t9,0.0667,1,O1
e17_t8,e17_t27,0.0667,19,O1
e17_t8,e17_t28,0.0667,20,O1
e17_t8,e17_t29,0.0667,21,O1
e17_t8,e17_t40,0.0667,32,O1
e17_t8,e17_t41,0.0667,33,O1
e17_t9,e17_t10,0.0667,1,O1
e17_t9,e17_t22,0.0667,13,O1
e17_t9,e17_t23,0.0667,14,O1
e17_t9,e17_t24,0.0667,15,O1
e17_t9,e17_t25,0.0667,16,O1
e17_t10,e17_t11,0.0667,1,O1
e17_t60,e17_t61,0.0667,1,O1
e17_t61,e17_t62,0.0667,1,O1
e17_t93,e17_t108,0.0667,15,O1
e17_t94,e17_t105,0.0667,11,O1
e17_t113,e17_t143,0.0667,30,O1
e17_t120,e17_t121,0.0667,1,O1
e17_t162,e17_t163,0.0667,1,O1
e17_t163,e17_t164,0.0667,1,O1
e17_t163,e17_t197,0.0667,34,O1
e17_t166,e17_t167,0.0667,1,O1
e17_t166,e17_t182,0.0667,16,O1
e17_t167,e17_t168,0.0667,1,O1
e17_t168,e17_t169,0.0667,1,O1
e17_t168,e17_t177,0.0667,9,O1
e17_t169,e17_t170,0.0667,1,O1
e17_t206,e17_t207,0.0667,1,O1
e17_t207,e17_t208,0.0667,1,O1
e17_t207,e17_t216,0.0667,9,O1
e17_t208,e17_t214,0.0667,6,O1
e17_t226,e17_t227,0.0667,1,O1
e17_t8,e17_t14,0.0667,6,O1
e18_t8,e18_t82,0.0667,74,OZ
e18_t9,e18_t82,0.0667,73,OZ
e18_t33,e18_t34,0.0667,1,OZ
e18_t34,e18_t35,0.0667,1,OZ
e18_t35,e18_t36,0.0667,1,OZ
e18_t45,e18_t46,0.0667,1,OZ
e18_t46,e18_t47,0.0667,1,OZ
e18_t47,e18_t48,0.0667,1,OZ
e18_t48,e18_t49,0.0667,1,OZ
e18_t53,e18_t81,0.0667,28,OZ
e18_t80,e18_t81,0.0667,1,OZ
e18_t81,e18_t82,0.0667,1,OZ
e18_t82,e18_t83,0.0667,1,OZ
e18_t83,e18_t84,0.0667,1,OZ
e18_t129,e18_t130,0.0667,1,OZ
e18_t151,e18_t152,0.0667,1,OZ
e18_t152,e18_t153,0.0667,1,OZ
e18_t153,e18_t154,0.0667,1,OZ
e18_t236,e18_t248,0.0667,12,OZ
e18_t246,e18_t247,0.0667,1,OZ
e18_t247,e18_t248,0.0667,1,OZ
e18_t58,e18_t59,0.0667,1,OZ
e18_t58,e18_t200,0.0667,142,OZ
e18_t22,e18_t23,0.0667,1,OZ
e18_t23,e18_t24,0.0667,1,OZ
e18_t23,e18_t93,0.0667,70,OZ
e18_t24,e18_t25,0.0667,1,OZ
e18_t24,e18_t53,0.0667,29,OZ
e18_t24,e18_t89,0.0667,65,OZ
e18_t25,e18_t26,0.0667,1,OZ
e18_t213,e18_t214,0.0667,1,OZ
e18_t37,e18_t38,0.0667,1,OZ
e18_t38,e18_t39,0.0667,1,OZ
e18_t39,e18_t91,0.0667,52,OZ
e18_t41,e18_t90,0.0667,49,OZ
e18_t60,e18_t89,0.0667,29,OZ
e18_t87,e18_t88,0.0667,1,OZ
e18_t88,e18_t89,0.0667,1,OZ
e18_t89,e18_t90,0.0667,1,OZ
e18_t90,e18_t91,0.0667,1,OZ
e18_t91,e18_t92,0.0667,1,OZ
e18_t99,e18_t134,0.0667,35,OZ
e18_t100,e18_t101,0.0667,1,OZ
e18_t100,e18_t132,0.0667,32,OZ
e18_t101,e18_t102,0.1333,1,OZ
e18_t102,e18_t103,0.1333,1,OZ
e18_t102,e18_t132,0.0667,30,OZ
e18_t116,e18_t117,0.0667,1,OZ
e18_t116,e18_t128,0.0667,12,OZ
e18_t117,e18_t118,0.0667,1,OZ
e18_t118,e18_t119,0.0667,1,OZ
e18_t126,e18_t127,0.1333,1,OZ
e18_t127,e18_t128,0.0667,1,OZ
e18_t130,e18_t131,0.0667,1,OZ
e18_t131,e18_t132,0.0667,1,OZ
e18_t132,e18_t133,0.0667,1,OZ
e18_t133,e18_t134,0.0667,1,OZ
e18_t172,e18_t173,0.0667,1,OZ
e18_t173,e18_t174,0.0667,1,OZ
e18_t150,e18_t151,0.1333,1,OZ
e18_t202,e18_t255,0.0667,53,OZ
e18_t223,e18_t254,0.0667,31,OZ
e18_t251,e18_t252,0.0667,1,OZ
e18_t252,e18_t253,0.0667,1,OZ
e18_t253,e18_t254,0.0667,1,OZ
e18_t254,e18_t255,0.0667,1,OZ
e18_t148,e18_t149,0.0667,1,OZ
e18_t149,e18_t150,0.0667,1,OZ
e18_t191,e18_t192,0.0667,1,OZ
e18_t192,e18_t193,0.0667,1,OZ
e18_t192,e18_t230,0.0667,38,OZ
e18_t193,e18_t194,0.0667,1,OZ
e18_t194,e18_t195,0.0667,1,OZ
e18_t195,e18_t196,0.0667,1,OZ
e18_t196,e18_t197,0.0667,1,OZ
e18_t197,e18_t198,0.0667,1,OZ
e18_t197,e18_t202,0.0667,5,OZ
e18_t197,e18_t205,0.0667,8,OZ
e18_t204,e18_t205,0.0667,1,OZ
e18_t205,e18_t206,0.0667,1,OZ
e18_t206,e18_t207,0.0667,1,OZ
e18_t215,e18_t224,0.0667,9,OZ
e18_t217,e18_t223,0.0667,6,OZ
e18_t221,e18_t222,0.0667,1,OZ
e18_t222,e18_t223,0.0667,1,OZ
e18_t223,e18_t224,0.0667,1,OZ
e18_t224,e18_t225,0.0667,1,OZ
e18_t49,e18_t50,0.0667,1,OZ
e18_t50,e18_t51,0.0667,1,OZ
e18_t50,e18_t61,0.0667,11,OZ
e18_t51,e18_t52,0.0667,1,OZ
e18_t60,e18_t61,0.0667,1,OZ
e18_t61,e18_t62,0.0667,1,OZ
e18_t64,e18_t65,0.0667,1,OZ
e18_t65,e18_t66,0.0667,1,OZ
e18_t69,e18_t126,0.0667,57,OZ
e18_t72,e18_t73,0.0667,1,OZ
e18_t72,e18_t122,0.0667,50,OZ
e18_t73,e18_t74,0.0667,1,OZ
e18_t73,e18_t107,0.0667,34,OZ
e18_t74,e18_t75,0.0667,1,OZ
e18_t75,e18_t76,0.0667,1,OZ
e18_t75,e18_t85,0.0667,10,OZ
e18_t76,e18_t77,0.0667,1,OZ
e18_t95,e18_t103,0.0667,8,OZ
e18_t103,e18_t104,0.0667,1,OZ
e18_t114,e18_t121,0.0667,7,OZ
e18_t119,e18_t120,0.0667,1,OZ
e18_t120,e18_t121,0.0667,1,OZ
e18_t121,e18_t122,0.0667,1,OZ
e18_t122,e18_t123,0.0667,1,OZ
e18_t123,e18_t124,0.0667,1,OZ
e18_t124,e18_t125,0.0667,1,OZ
e18_t125,e18_t126,0.0667,1,OZ
e18_t137,e18_t146,0.0667,9,OZ
e18_t144,e18_t145,0.0667,1,OZ
e18_t145,e18_t146,0.0667,1,OZ
e18_t146,e18_t147,0.0667,1,OZ
e19_t5,e19_t6,0.0667,1,O2
e19_t25,e19_t29,0.1333,4,O2
e19_t28,e19_t29,0.4,1,O2
e19_t44,e19_t45,0.1333,1,O2
e19_t45,e19_t46,0.0667,1,O2
e19_t46,e19_t47,0.0667,1,O2
e19_t56,e19_t77,0.0667,21,O2
e19_t64,e19_t77,0.0667,13,O2
e19_t76,e19_t77,0.3333,1,O2
e19_t77,e19_t78,0.1333,1,O2
e19_t88,e19_t89,0.2,1,O2
e19_t89,e19_t90,0.4,1,O2
e19_t89,e19_t133,0.0667,44,O2
e19_t90,e19_t91,0.0667,1,O2
e19_t95,e19_t96,0.0667,1,O2
e19_t95,e19_t110,0.0667,15,O2
e19_t96,e19_t97,0.0667,1,O2
e19_t108,e19_t109,0.1333,1,O2
e19_t109,e19_t110,0.1333,1,O2
e19_t152,e19_t153,0.1333,1,O2
e19_t153,e19_t154,0.1333,1,O2
e19_t153,e19_t158,0.0667,5,O2
e19_t154,e19_t155,0.0667,1,O2
e19_t158,e19_t174,0.0667,16,O2
e19_t172,e19_t173,0.1333,1,O2
e19_t173,e19_t174,0.0667,1,O2
e19_t200,e19_t201,0.1333,1,O2
e19_t200,e19_t206,0.0667,6,O2
e19_t201,e19_t202,0.2,1,O2
e19_t204,e19_t205,0.4667,1,O2
e19_t218,e19_t221,0.0667,3,O2
e19_t220,e19_t221,0.2667,1,O2
e19_t232,e19_t233,0.1333,1,O2
e19_t233,e19_t234,0.2667,1,O2
e19_t234,e19_t235,0.1333,1,O2
e19_t234,e19_t238,0.0667,4,O2
e19_t29,e19_t30,0.4,1,O2
e19_t156,e19_t157,0.4,1,O2
e19_t157,e19_t158,0.2667,1,O2
e19_t221,e19_t222,0.2,1,O2
e19_t226,e19_t227,0.0667,1,O2
e19_t227,e19_t228,0.0667,1,O2
e19_t56,e19_t57,0.1333,1,O2
e19_t57,e19_t58,0.1333,1,O2
e19_t57,e19_t70,0.0667,13,O2
e19_t92,e19_t93,0.2,1,O2
e19_t93,e19_t94,0.2,1,O2
e19_t104,e19_t105,0.2,1,O2
e19_t105,e19_t106,0.1333,1,O2
e19_t122,e19_t123,0.0667,1,O2
e19_t122,e19_t128,0.0667,6,O2
e19_t137,e19_t138,0.4667,1,O2
e19_t184,e19_t185,0.3333,1,O2
e19_t185,e19_t186,0.3333,1,O2
e19_t201,e19_t205,0.2,4,O2
e19_t217,e19_t218,0.2,1,O2
e19_t8,e19_t9,0.2667,1,O2
e19_t9,e19_t10,0.3333,1,O2
e19_t12,e19_t13,0.5333,1,O2
e19_t13,e19_t14,0.4667,1,O2
e19_t25,e19_t26,0.0667,1,O2
e19_t72,e19_t73,0.2667,1,O2
e19_t72,e19_t240,0.0667,168,O2
e19_t73,e19_t74,0.3333,1,O2
e19_t153,e19_t157,0.0667,4,O2
e19_t50,e19_t78,0.0667,28,O2
e19_t72,e19_t77,0.0667,5,O2
e19_t75,e19_t76,0.0667,1,O2
e19_t124,e19_t125,0.3333,1,O2
e19_t136,e19_t137,0.2667,1,O2
e19_t136,e19_t146,0.0667,10,O2
e19_t137,e19_t141,0.0667,4,O2
e19_t199,e19_t205,0.0667,6,O2
e19_t200,e19_t205,0.0667,5,O2
e19_t203,e19_t204,0.0667,1,O2
e19_t205,e19_t206,0.1333,1,O2
e19_t248,e19_t249,0.2,1,O2
e19_t249,e19_t250,0.2667,1,O2
e19_t23,e19_t30,0.0667,7,O2
e19_t233,e19_t244,0.0667,11,O2
e19_t41,e19_t42,0.0667,1,O2
e19_t62,e19_t93,0.0667,31,O2
e19_t71,e19_t93,0.0667,22,O2
e19_t72,e19_t93,0.1333,21,O2
e19_t73,e19_t90,0.0667,17,O2
e19_t79,e19_t80,0.0667,1,O2
e19_t104,e19_t111,0.0667,7,O2
e19_t110,e19_t111,0.0667,1,O2
e19_t116,e19_t130,0.0667,14,O2
e19_t120,e19_t121,0.2,1,O2
e19_t120,e19_t124,0.0667,4,O2
e19_t129,e19_t130,0.0667,1,O2
e19_t130,e19_t131,0.0667,1,O2
e19_t131,e19_t132,0.0667,1,O2
e19_t132,e19_t133,0.0667,1,O2
e19_t133,e19_t134,0.0667,1,O2
e19_t134,e19_t135,0.0667,1,O2
e19_t148,e19_t158,0.0667,10,O2
e19_t215,e19_t222,0.0667,7,O2
e19_t222,e19_t223,0.0667,1,O2
e19_t5,e19_t14,0.0667,9,O2
e19_t60,e19_t61,0.2,1,O2
e19_t61,e19_t62,0.2,1,O2
e19_t67,e19_t157,0.0667,90,O2
e19_t72,e19_t84,0.0667,12,O2
e19_t73,e19_t78,0.0667,5,O2
e19_t74,e19_t75,0.1333,1,O2
e19_t185,e19_t190,0.0667,5,O2
e19_t121,e19_t122,0.2,1,O2
e19_t138,e19_t141,0.0667,3,O2
e19_t140,e19_t141,0.1333,1,O2
e19_t141,e19_t142,0.1333,1,O2
e19_t188,e19_t189,0.3333,1,O2
e19_t200,e19_t213,0.0667,13,O2
e19_t252,e19_t253,0.3333,1,O2
e19_t8,e19_t14,0.0667,6,O2
e19_t121,e19_t126,0.1333,5,O2
e19_t121,e19_t143,0.0667,22,O2
e19_t248,e19_t254,0.0667,6,O2
e19_t253,e19_t254,0.2667,1,O2
e19_t62,e19_t77,0.0667,15,O2
e19_t63,e19_t77,0.0667,14,O2
e19_t105,e19_t109,0.0667,4,O2
e19_t236,e19_t237,0.2,1,O2
e19_t243,e19_t254,0.0667,11,O2
e19_t245,e19_t253,0.0667,8,O2
e19_t246,e19_t253,0.0667,7,O2
e19_t247,e19_t253,0.0667,6,O2
e19_t248,e19_t253,0.0667,5,O2
e19_t251,e19_t252,0.0667,1,O2
e19_t9,e19_t12,0.0667,3,O2
e19_t185,e19_t189,0.0667,4,O2
e19_t196,e19_t206,0.0667,10,O2
e19_t197,e19_t206,0.0667,9,O2
e19_t206,e19_t207,0.0667,1,O2
e19_t216,e19_t217,0.0667,1,O2
e19_t216,e19_t224,0.0667,8,O2
e19_t223,e19_t224,0.0667,1,O2
e19_t250,e19_t251,0.0667,1,O2
e19_t48,e19_t49,0.0667,1,O2
e19_t48,e19_t65,0.0667,17,O2
e19_t49,e19_t50,0.0667,1,O2
e19_t50,e19_t51,0.0667,1,O2
e19_t53,e19_t62,0.0667,9,O2
e19_t56,e19_t61,0.0667,5,O2
e19_t59,e19_t60,0.0667,1,O2
e19_t62,e19_t63,0.0667,1,O2
e19_t66,e19_t67,0.0667,1,O2
e19_t70,e19_t71,0.0667,1,O2
e19_t71,e19_t72,0.0667,1,O2
e19_t71,e19_t127,0.0667,56,O2
e19_t72,e19_t88,0.0667,16,O2
e19_t73,e19_t85,0.0667,12,O2
e19_t74,e19_t83,0.0667,9,O2
e19_t93,e19_t109,0.0667,16,O2
e19_t94,e19_t109,0.0667,15,O2
e19_t96,e19_t108,0.0667,12,O2
e19_t107,e19_t108,0.0667,1,O2
e19_t113,e19_t126,0.0667,13,O2
e19_t116,e19_t125,0.0667,9,O2
e19_t123,e19_t124,0.0667,1,O2
e19_t125,e19_t126,0.2,1,O2
e19_t126,e19_t127,0.0667,1,O2
e19_t135,e19_t136,0.0667,1,O2
e19_t135,e19_t150,0.0667,15,O2
e19_t136,e19_t147,0.0667,11,O2
e19_t137,e19_t142,0.0667,5,O2
e19_t122,e19_t125,0.0667,3,O2
e19_t247,e19_t254,0.0667,7,O2
e19_t169,e19_t170,0.0667,1,O2
e19_t174,e19_t190,0.0667,16,O2
e19_t175,e19_t190,0.0667,15,O2
e19_t189,e19_t190,0.0667,1,O2
e20_t25,e20_t26,0.1333,1,A1
e20_t73,e20_t74,0.2,1,A1
e20_t220,e20_t221,0.1333,1,A1
e20_t221,e20_t222,0.0667,1,A1
e20_t221,e20_t226,0.0667,5,A1
e20_t237,e20_t250,0.0667,13,A1
e20_t248,e20_t249,0.0667,1,A1
e20_t249,e20_t250,0.2,1,A1
e20_t92,e20_t93,0.0667,1,A1
e20_t92,e20_t103,0.0667,11,A1
e20_t93,e20_t94,0.0667,1,A1
e20_t107,e20_t154,0.0667,47,A1
e20_t152,e20_t153,0.0667,1,A1
e20_t153,e20_t154,0.1333,1,A1
e20_t217,e20_t218,0.0667,1,A1
e20_t172,e20_t173,0.0667,1,A1
e20_t173,e20_t174,0.0667,1,A1
e20_t245,e20_t250,0.0667,5,A1
e20_t56,e20_t57,0.0667,1,A1
e20_t57,e20_t58,0.0667,1,A1
e20_t121,e20_t122,0.0667,1,A1
e20_t128,e20_t129,0.0667,1,A1
e20_t72,e20_t73,0.1333,1,A1
e20_t75,e20_t76,0.0667,1,A1
e20_t76,e20_t77,0.0667,1,A1
e20_t76,e20_t92,0.0667,16,A1
e20_t76,e20_t202,0.0667,126,A1
e20_t77,e20_t78,0.0667,1,A1
e20_t77,e20_t89,0.0667,12,A1
e20_t12,e20_t13,0.0667,1,A1
e20_t13,e20_t14,0.0667,1,A1
e20_t188,e20_t189,0.0667,1,A1
e20_t189,e20_t190,0.0667,1,A1
e20_t201,e20_t202,0.0667,1,A1
e20_t156,e20_t157,0.0667,1,A1
e20_t157,e20_t158,0.0667,1,A1
e20_t184,e20_t185,0.0667,1,A1
e20_t185,e20_t186,0.0667,1,A1
e20_t68,e20_t73,0.0667,5,A1
